SK_ID_PREV,SK_ID_CURR,NUM_INSTALMENT_VERSION,NUM_INSTALMENT_NUMBER,DAYS_INSTALMENT,DAYS_ENTRY_PAYMENT,AMT_INSTALMENT,AMT_PAYMENT
1088313,219774,1.0,1,-1782.0,-1787.0,18702.495,18702.495
2392930,423655,1.0,2,-840.0,-865.0,6306.525,6306.525
2258098,353567,0.0,13,-1952.0,-1952.0,71685.0,71685.0
2568350,173720,2.0,5,-1560.0,-1562.0,60281.28,60281.28
1460803,370048,1.0,2,-2425.0,-2422.0,13526.775,13526.775
1041901,160093,0.0,99,-565.0,-565.0,165.87,165.87
1435693,183077,1.0,13,-171.0,-182.0,22197.825,22197.825
1251752,250896,1.0,4,-1652.0,-1652.0,17001.765,17001.765
2763601,258685,1.0,3,-47.0,-70.0,16337.25,16337.25
2568300,413283,1.0,9,-1010.0,-1045.0,4893.525,4771.8
1891127,160580,1.0,22,-636.0,-638.0,20542.185,20542.185
1410393,390619,2.0,10,-328.0,-335.0,12983.625,12983.625
1423866,375662,1.0,4,-2187.0,-2217.0,4116.105,4116.105
1486001,409032,1.0,2,-568.0,-568.0,17415.0,17415.0
2121101,136741,1.0,10,-781.0,-782.0,8115.57,8115.57
1617441,397533,1.0,4,-258.0,-265.0,4029.66,4029.66
1330876,373105,1.0,10,-120.0,-152.0,8699.76,8699.76
2251446,217440,1.0,17,-500.0,-527.0,12443.58,12443.58
2619300,214188,1.0,19,-695.0,-701.0,53029.935,53029.935
1251322,141661,0.0,96,-971.0,-971.0,1189.125,1189.125
1598485,100143,0.0,18,-2497.0,-2497.0,4500.0,4500.0
2586235,114148,2.0,5,-360.0,-388.0,30878.235,30878.235
2190581,378362,2.0,7,-2054.0,-2062.0,169004.52,169004.52
1008179,354637,1.0,5,-2159.0,-2162.0,8995.905,8995.905
1473597,268043,1.0,5,-1943.0,-1955.0,4226.22,4226.22
2613847,439674,1.0,5,-1158.0,-1199.0,7412.895,7412.895
2205953,400685,1.0,8,-522.0,-526.0,14601.375,14601.375
1693365,428114,1.0,9,-393.0,-392.0,113231.295,98700.75
1420615,389414,0.0,64,-1503.0,-1503.0,215.19,215.19
1121641,137464,1.0,21,-592.0,-602.0,21528.495,21528.495
2056345,420010,1.0,15,-472.0,-474.0,25026.48,25026.48
1129315,440822,1.0,16,-235.0,-240.0,6752.7,6752.7
1077127,229358,1.0,5,-318.0,-329.0,6436.44,6436.44
2668771,348275,1.0,21,-281.0,-281.0,33643.845,33643.845
2272450,432832,1.0,3,-1304.0,-1319.0,8681.49,8681.49
2154994,346009,1.0,5,-878.0,-896.0,12643.74,12643.74
1109486,314193,1.0,3,-744.0,-743.0,16447.635,16447.635
2382713,400916,2.0,23,-656.0,-768.0,13695.525,13695.525
2049313,254572,1.0,4,-2412.0,-2435.0,7146.63,7146.63
2729390,372397,0.0,6,-543.0,-543.0,678.6,678.6
2257950,367779,1.0,15,-24.0,-31.0,15068.745,15068.745
2346579,444836,1.0,8,-1051.0,-1051.0,50031.0,50031.0
1730982,260460,0.0,63,-1307.0,-1323.0,4500.0,4500.0
2527289,209838,1.0,7,-2137.0,-2141.0,5054.085,5054.085
2486482,420612,2.0,15,-1221.0,-1220.0,12502.035,12502.035
1231527,338593,1.0,1,-205.0,-220.0,10294.2,10294.2
1389052,128150,1.0,7,-486.0,-487.0,4915.935,4915.935
1839765,368134,1.0,11,-72.0,-73.0,17422.965,22869.0
1915297,331676,0.0,96,-1799.0,-1770.0,67.5,54.36
2825077,109643,1.0,3,-586.0,-587.0,27704.97,27704.97
2584383,336072,0.0,65,-1777.0,-1777.0,1125.0,1125.0
1389180,292235,1.0,1,-1768.0,-1779.0,19923.345,19923.345
2158131,345323,1.0,4,-761.0,-776.0,3278.52,3278.52
1715021,196460,0.0,14,-2806.0,-2830.0,4050.0,4050.0
1139720,429943,1.0,7,-1543.0,-1541.0,10832.76,10813.32
2430327,138597,3.0,5,-468.0,-487.0,58606.29,58606.29
2704497,426903,1.0,3,-827.0,-840.0,10634.31,10634.31
1368722,173618,0.0,8,-723.0,-723.0,2441.295,2441.295
1460748,365994,6.0,105,-386.0,-367.0,4302.36,4302.36
1261495,243060,0.0,58,-723.0,-732.0,5625.0,5625.0
1531331,127197,0.0,71,-999.0,-999.0,114.03,114.03
2161682,423350,1.0,6,-2303.0,-2322.0,5246.01,292.32
1727525,165999,1.0,7,-1621.0,-1629.0,11460.735,11460.735
2491290,149689,1.0,4,-573.0,-560.0,11746.8,7410.465
1147242,193379,2.0,16,-830.0,-855.0,104879.79,104879.79
2640933,388498,0.0,56,-1404.0,-1404.0,214.785,214.785
1694092,368773,1.0,1,-332.0,-340.0,18911.565,18911.565
2447851,185706,0.0,28,-2305.0,-2316.0,4500.0,4500.0
2192265,313660,1.0,3,-52.0,-58.0,5871.87,5871.87
2002357,198714,1.0,2,-379.0,-411.0,4332.915,4332.915
1002126,284052,1.0,7,-2787.0,-2781.0,6294.87,6291.0
2541561,128892,1.0,6,-1183.0,-1184.0,3348.72,3348.72
1721478,254441,1.0,6,-432.0,-453.0,48950.685,48950.685
2154074,439312,1.0,3,-1690.0,-1726.0,5753.025,12.915
1435407,329682,0.0,59,-1618.0,-1619.0,5625.0,5625.0
1567391,439130,0.0,23,-159.0,-169.0,4505.625,4505.625
1928599,425786,1.0,4,-314.0,-328.0,13626.855,13626.855
2707230,224800,1.0,1,-2231.0,-2241.0,2480.805,2480.805
1752108,315899,1.0,9,-580.0,-585.0,10976.94,10976.94
1160709,353508,1.0,4,-1920.0,-1929.0,4581.585,4581.585
1385356,235822,0.0,49,-1154.0,-1154.0,1294.65,1294.65
2307679,449501,0.0,3,-1612.0,-1612.0,9450.0,9450.0
1312171,122158,1.0,2,-2270.0,-2279.0,4734.54,4734.54
1561287,396834,0.0,45,-2073.0,-2073.0,2250.0,2250.0
2369095,229359,1.0,8,-447.0,-457.0,8407.935,8407.935
2671351,180248,1.0,6,-420.0,-427.0,14214.42,14214.42
1541589,369468,1.0,4,-1603.0,-1626.0,5908.725,5908.725
2538094,408077,1.0,26,-496.0,-501.0,8956.125,8956.125
2806325,296975,1.0,5,-2298.0,-2304.0,4821.84,4821.84
2060518,401266,1.0,10,-490.0,-490.0,19025.1,19025.1
2106602,324315,1.0,3,-1580.0,-1586.0,5668.335,5668.335
1475000,320810,1.0,3,-2524.0,-2541.0,9428.985,9428.985
2778317,446786,1.0,5,-1506.0,-1538.0,24395.49,787.95
1365317,398960,1.0,5,-405.0,-411.0,8314.335,8314.335
1692372,145638,1.0,2,-1340.0,-1345.0,9696.6,9696.6
1241543,400774,1.0,10,-1871.0,-1874.0,1991.79,1991.79
1645532,164651,0.0,39,-1274.0,-1284.0,6750.0,6750.0
2083100,274535,0.0,23,-2216.0,-2229.0,9000.0,9000.0
1233379,415840,1.0,6,-299.0,-308.0,22978.89,22978.89
1585627,361145,0.0,85,-844.0,-844.0,4367.565,4367.565
2428197,154351,0.0,84,-999.0,-999.0,21.555,21.555
2813274,297835,1.0,12,-1538.0,-1558.0,4674.78,15.525
2713280,224735,1.0,12,-707.0,-713.0,6323.895,6323.895
2571248,349192,1.0,8,-2097.0,-2097.0,2728.485,2728.485
2832111,150167,1.0,7,-335.0,-344.0,4341.78,4341.78
2575420,428569,0.0,92,-409.0,-409.0,951.705,951.705
1368479,184837,1.0,3,-863.0,-864.0,25992.54,25992.54
1183204,398258,1.0,4,-879.0,-889.0,31275.81,31275.81
1208286,250444,2.0,101,-884.0,-687.0,1350.0,1350.0
2383562,437522,1.0,6,-1236.0,-1246.0,5863.14,5863.14
2137321,122410,0.0,36,-1587.0,-1576.0,2250.0,2250.0
1843199,369835,0.0,39,-1942.0,-1942.0,211.41,211.41
1286882,382811,0.0,44,-1580.0,-1580.0,4050.0,4050.0
2363602,186044,2.0,5,-572.0,-585.0,9346.455,9346.455
1799905,430767,0.0,45,-1868.0,-1868.0,2013.75,2013.75
2387756,362728,1.0,7,-2191.0,-2210.0,10492.02,2369.7
1245157,226638,1.0,1,-1565.0,-1576.0,3821.67,3821.67
2095466,132120,2.0,13,-321.0,-322.0,34173.045,34173.045
1921069,172600,1.0,16,-908.0,-904.0,20121.3,20114.325
2283988,218284,1.0,14,-620.0,-621.0,16720.2,16720.2
1232556,358605,1.0,14,-2081.0,-2073.0,8318.7,8214.885
1545009,419757,1.0,2,-1010.0,-1024.0,9365.22,9348.12
1870650,172092,1.0,5,-645.0,-646.0,13860.18,13860.18
2427590,322091,1.0,12,-965.0,-968.0,6853.23,6853.23
2194560,315892,1.0,4,-379.0,-381.0,6769.71,6769.71
1361049,377627,1.0,9,-73.0,-111.0,22497.66,22497.66
2317011,204058,0.0,52,-1758.0,-1758.0,2.52,2.52
1760480,318768,4.0,10,-365.0,-366.0,549188.19,549188.19
1397722,164625,1.0,3,-2232.0,-2247.0,6715.935,6715.935
1780290,344371,1.0,25,-28.0,-33.0,4951.215,4951.215
2498720,281206,1.0,8,-1520.0,-1534.0,15203.565,15203.565
2460176,257273,1.0,2,-771.0,-794.0,14570.55,14570.55
1338230,424983,2.0,19,-393.0,-407.0,16600.455,16600.455
1256487,366288,0.0,15,-2428.0,-2441.0,9000.0,9000.0
1163856,377776,1.0,4,-1145.0,-1155.0,15713.055,15713.055
2759428,353554,1.0,13,-2727.0,-2751.0,6543.0,37.8
2665265,294676,1.0,3,-174.0,-182.0,12252.78,12252.78
1496997,415107,0.0,48,-1691.0,-1691.0,1393.695,1393.695
2258070,189808,1.0,20,-1150.0,-1207.0,2767.635,2767.635
2110824,129974,0.0,28,-2135.0,-2135.0,1860.705,1860.705
2759244,292945,0.0,19,-105.0,-106.0,4359.6,4359.6
2490900,349087,1.0,3,-528.0,-559.0,8228.475,6043.05
2592850,448114,0.0,71,-996.0,-996.0,227.655,227.655
1314077,424152,1.0,4,-319.0,-385.0,4298.67,4298.67
1399019,316088,0.0,71,-674.0,-674.0,5625.0,5625.0
1995197,352342,0.0,1,-2389.0,-2409.0,3375.0,3375.0
1486745,328481,0.0,76,-1710.0,-1710.0,9000.0,9000.0
1750305,285616,1.0,1,-1923.0,-1931.0,3670.695,3670.695
1182331,435988,1.0,1,-646.0,-657.0,33932.34,33932.34
2807176,305636,1.0,11,-1635.0,-1631.0,4013.505,4013.505
2268656,407158,1.0,10,-2026.0,-2015.0,3318.12,3306.6
1697741,368573,1.0,7,-539.0,-556.0,29804.895,29804.895
2111179,328597,0.0,22,-257.0,-257.0,3513.51,3513.51
1385962,376618,0.0,8,-307.0,-307.0,190.8,190.8
1133422,279178,1.0,3,-2470.0,-2461.0,5107.32,5107.14
2630227,428697,1.0,10,-1058.0,-1061.0,5818.5,5818.5
1974535,296064,0.0,55,-1261.0,-1246.0,6750.0,6750.0
1208540,307094,1.0,8,-1711.0,-1725.0,22156.65,22156.65
1919343,238337,1.0,7,-1032.0,-1053.0,10611.675,1362.15
2819013,439336,0.0,2,-324.0,-324.0,239.085,239.085
2208117,453580,0.0,102,-149.0,-149.0,53.145,53.145
1318523,328893,1.0,2,-2574.0,-2569.0,7869.015,7817.175
1751299,281839,0.0,33,-1928.0,-1928.0,796.32,796.32
1455739,208873,0.0,30,-2285.0,-2285.0,152.415,152.415
1716197,309517,1.0,8,-1420.0,-1471.0,22135.815,9.135
1302321,310831,0.0,60,-1618.0,-1618.0,65.565,65.565
1262408,334280,0.0,14,-2451.0,-2451.0,225.0,225.0
2157981,414208,1.0,4,-1141.0,-1154.0,10994.715,10994.715
1377155,288172,1.0,10,-169.0,-186.0,4141.665,4141.665
1497347,263573,1.0,6,-278.0,-285.0,33512.085,33512.085
2665713,171113,8.0,6,-250.0,-255.0,6742.485,13032.0
1604929,212497,1.0,2,-533.0,-552.0,43397.685,43397.685
1430918,123371,1.0,11,-98.0,-104.0,27180.0,27180.0
1375638,314552,0.0,83,-1084.0,-1084.0,436.95,436.95
1050979,199443,1.0,4,-887.0,-897.0,9190.35,9190.35
1137077,383623,0.0,64,-97.0,-97.0,311.715,311.715
2100340,108068,1.0,2,-1538.0,-1559.0,2833.155,2827.845
2411536,155755,1.0,11,-1069.0,-1070.0,27635.04,27635.04
1569034,263673,0.0,14,-2876.0,-2884.0,10800.0,10800.0
1685066,239492,1.0,5,-786.0,-788.0,19626.435,19626.435
1093367,145685,0.0,48,-2682.0,-2682.0,3150.0,3150.0
2006940,304506,1.0,1,-555.0,-578.0,3595.545,3595.545
1848001,330241,1.0,2,-443.0,-453.0,10854.135,10854.135
1846818,144410,1.0,23,-139.0,-140.0,16248.42,16248.42
1288176,208269,1.0,1,-2448.0,-2457.0,9218.16,9218.16
1519014,121805,0.0,44,-1432.0,-1432.0,13.59,13.59
1751684,404662,1.0,10,-836.0,-864.0,26705.07,26705.07
1366794,329541,1.0,1,-1068.0,-1066.0,51796.125,51793.74
1038809,220144,0.0,114,-1079.0,-1079.0,795.87,795.87
2096371,308069,1.0,10,-668.0,-673.0,43732.44,43732.44
1413593,191560,1.0,3,-523.0,-550.0,19924.56,45021.42
1029177,329126,1.0,17,-15.0,-18.0,4416.345,4416.345
2496787,238823,1.0,6,-1678.0,-1681.0,14910.435,14910.435
1919799,341213,1.0,4,-1807.0,-1814.0,7449.975,7449.975
2235913,185744,1.0,8,-2358.0,-2358.0,17504.055,17504.055
2130987,260557,3.0,8,-361.0,-392.0,37370.43,37370.43
1605414,346865,0.0,40,-1798.0,-1818.0,11250.0,11250.0
2179059,281309,0.0,129,-804.0,-804.0,9000.0,9000.0
2608333,380729,1.0,3,-923.0,-929.0,11936.16,11936.16
1183464,114462,1.0,9,-1640.0,-1652.0,1540.035,1540.035
1839015,236460,0.0,1,-1829.0,-1829.0,4725.0,4725.0
1406831,448280,0.0,72,-634.0,-636.0,4725.0,4725.0
2617630,277409,0.0,7,-581.0,-581.0,225.0,225.0
1180190,187958,1.0,1,-651.0,-654.0,29440.8,29440.8
1135145,168205,1.0,5,-2089.0,-2100.0,3687.3,3687.3
2513493,314807,0.0,34,-242.0,-242.0,1581.795,1581.795
1369342,419437,0.0,107,-516.0,-516.0,9000.0,9000.0
1846982,273985,1.0,6,-2712.0,-2715.0,9368.46,9368.46
2018635,306124,1.0,12,-313.0,-309.0,23153.985,23089.455
1026193,314762,1.0,10,-1178.0,-1206.0,7625.655,7625.655
1436380,420086,1.0,2,-2565.0,-2595.0,5246.01,5246.01
2105880,142222,1.0,11,-1316.0,-1328.0,22064.4,22064.4
1646667,369535,0.0,52,-1746.0,-1746.0,119.16,119.16
2362389,445686,1.0,21,-106.0,-110.0,6740.595,6740.595
1545200,156883,0.0,48,-1644.0,-1644.0,166.68,166.68
2630849,330098,1.0,8,-2319.0,-2323.0,14753.52,14703.3
1385204,215833,1.0,11,-389.0,-390.0,22414.05,22414.05
1377664,359397,1.0,4,-2168.0,-2184.0,2502.63,2502.63
1716516,333180,0.0,53,-1163.0,-1163.0,2779.56,2779.56
1139167,356623,2.0,11,-1084.0,-1261.0,14219.91,14219.91
2308266,150570,0.0,79,-1212.0,-1212.0,13500.0,13500.0
1180635,233435,1.0,2,-1426.0,-1439.0,1576.935,1576.935
1248960,249467,1.0,4,-1554.0,-1562.0,15703.515,15703.515
2334678,361707,0.0,32,-2533.0,-2533.0,4.275,4.275
1207400,149662,1.0,3,-439.0,-450.0,23584.77,23584.77
2601522,299967,1.0,7,-1051.0,-1085.0,7238.925,7238.925
1424239,252765,0.0,30,-833.0,-833.0,404.415,404.415
2181430,346762,1.0,1,-559.0,-565.0,3218.76,3218.76
1911723,133677,0.0,4,-214.0,-214.0,279227.7,279227.7
1907764,405797,5.0,9,-319.0,-324.0,8175.825,8175.825
1911518,189890,1.0,20,-391.0,-394.0,22331.7,22331.7
2642407,326282,1.0,9,-2176.0,-2146.0,6161.4,82.755
1574414,121968,0.0,115,-434.0,-434.0,34.425,34.425
2658808,149167,1.0,6,-53.0,-60.0,4927.32,4927.32
2691365,257663,1.0,4,-1158.0,-1174.0,13570.425,13570.425
2428793,269153,1.0,5,-958.0,-958.0,10911.96,10911.96
1440972,242536,0.0,17,-2143.0,-2153.0,6750.0,6750.0
1939974,372901,6.0,5,-219.0,-236.0,37930.455,37930.455
1729673,404980,3.0,14,-429.0,-431.0,13233.465,13233.465
1012927,194648,4.0,12,-140.0,-168.0,3099.69,2377.17
2629195,356705,1.0,9,-199.0,-206.0,13737.78,13737.78
1127347,405188,1.0,7,-2786.0,-2786.0,5530.5,5530.5
2259136,160469,1.0,6,-799.0,-826.0,7592.4,7592.4
2341088,198431,1.0,6,-601.0,-618.0,17122.59,17122.59
1285627,342669,1.0,10,-400.0,-404.0,4505.76,14643.0
1560463,277447,1.0,5,-2329.0,-2345.0,5450.49,5450.49
1798315,267587,1.0,22,-964.0,-957.0,9752.355,9679.455
2435737,234915,1.0,10,-110.0,-108.0,5519.61,5519.61
2211224,130147,1.0,11,-447.0,-443.0,20251.8,20134.755
1237138,296637,1.0,12,-190.0,-212.0,12508.29,12508.29
2029384,417084,1.0,2,-1300.0,-1301.0,10679.13,10679.13
1305004,394306,0.0,9,-2287.0,-2287.0,315.945,315.945
2730447,422187,1.0,7,-1307.0,-1315.0,2371.23,2371.23
1283675,364968,1.0,11,-583.0,-613.0,10777.275,208.89
1531952,265299,2.0,11,-553.0,-568.0,20157.75,20157.75
1366445,201556,1.0,12,-1100.0,-1133.0,7196.625,7196.625
2133367,110305,0.0,24,-1937.0,-1937.0,12260.16,12260.16
2015603,280665,0.0,16,-2073.0,-2073.0,5625.0,5625.0
1356259,342623,0.0,24,-2623.0,-2632.0,9000.0,9000.0
2480021,373391,1.0,44,-269.0,-269.0,18669.87,18669.87
1718133,433913,0.0,43,-664.0,-664.0,352.98,352.98
1905120,154656,1.0,5,-608.0,-616.0,12596.535,12596.535
2012038,420129,1.0,1,-637.0,-644.0,3680.46,3680.46
2826945,218047,0.0,128,-9.0,-9.0,2700.0,2700.0
2803976,172451,0.0,98,-901.0,-910.0,3375.0,3375.0
1902899,283934,1.0,4,-892.0,-900.0,33249.735,33249.735
2362885,106405,1.0,2,-7.0,-15.0,6965.64,6965.64
1907649,181972,0.0,50,-407.0,-412.0,15265.215,415.215
1945484,214972,1.0,14,-434.0,-445.0,10980.315,10980.315
1029376,319332,1.0,3,-820.0,-827.0,18857.07,18857.07
1031736,203123,1.0,3,-59.0,-59.0,23341.995,23341.995
2350301,218320,1.0,5,-297.0,-297.0,21709.125,21709.125
1895071,175509,1.0,10,-2507.0,-2507.0,5902.785,5902.785
2075519,304310,0.0,4,-2655.0,-2655.0,4500.0,4500.0
1764647,296688,1.0,3,-527.0,-537.0,23086.845,23086.845
2362280,397526,0.0,36,-2725.0,-2725.0,905.805,905.805
1537292,224454,0.0,20,-2395.0,-2395.0,158.265,158.265
1518950,261015,1.0,5,-2379.0,-2379.0,5974.335,5974.335
2305107,256612,1.0,1,-1734.0,-1740.0,4543.065,4543.065
2682982,449633,0.0,15,-2580.0,-2589.0,5625.0,5625.0
2611082,284863,1.0,3,-2539.0,-2539.0,2405.205,2405.205
1315672,151576,0.0,16,-2528.0,-2547.0,9000.0,9000.0
1783621,450857,1.0,4,-1021.0,-1021.0,18847.71,18847.71
1032717,287795,1.0,6,-1017.0,-1033.0,12059.1,3.69
1945102,257230,0.0,40,-151.0,-151.0,1381.23,1381.23
2092590,367304,0.0,32,-28.0,-29.0,6903.045,6903.045
2077357,320845,1.0,9,-17.0,-29.0,13085.055,13085.055
1005507,384305,0.0,116,-489.0,-489.0,2250.0,2250.0
1008977,102234,1.0,20,-428.0,-427.0,13912.605,13912.605
1496388,449395,1.0,4,-1780.0,-1777.0,10717.92,10717.92
1237576,223985,0.0,5,-2544.0,-2544.0,560.25,560.25
1980856,121917,0.0,73,-1358.0,-1358.0,4080.51,4080.51
1386346,319551,0.0,9,-1023.0,-1028.0,8903.025,8903.025
2270764,352174,1.0,10,-48.0,-55.0,6183.63,6183.63
1799619,381112,1.0,2,-385.0,-415.0,5934.78,5934.78
1485879,369555,1.0,16,-269.0,-298.0,5490.45,5490.45
1235050,297060,0.0,53,-1340.0,-1340.0,9919.935,9919.935
2675400,407027,0.0,61,-78.0,-78.0,474.705,474.705
1536990,115940,1.0,18,-200.0,-209.0,9908.955,9908.955
1660478,199424,1.0,2,-654.0,-660.0,20542.185,20542.185
1026703,375899,0.0,10,-2086.0,-2086.0,2250.0,2250.0
2537716,227271,1.0,3,-162.0,-156.0,4777.695,4415.31
1521899,300689,1.0,12,-286.0,-290.0,22197.825,22197.825
2804281,344841,1.0,9,-2463.0,-2493.0,5621.22,848.295
2032161,226042,0.0,40,-463.0,-466.0,9411.66,9411.66
2288058,454329,1.0,1,-1233.0,-1241.0,4871.025,4871.025
1327982,422307,1.0,8,-1853.0,-1830.0,7437.51,16.92
2233630,280259,2.0,24,-500.0,-537.0,23325.435,23325.435
1720445,365220,0.0,13,-2658.0,-2662.0,3375.0,3375.0
2293867,303875,1.0,3,-2424.0,-2431.0,11423.7,11423.07
1714444,313188,1.0,4,-2729.0,-2741.0,6482.61,6482.61
2819636,159669,1.0,21,-284.0,-298.0,63314.235,63314.235
1302010,142704,0.0,19,-2749.0,-2746.0,5400.0,5400.0
2271735,233992,1.0,4,-2400.0,-2462.0,8907.165,8907.165
1414139,174963,1.0,12,-153.0,-177.0,3508.875,3508.875
2824522,226959,0.0,20,-103.0,-108.0,8679.285,8679.285
1574067,446638,1.0,11,-377.0,-379.0,74444.715,74444.715
2137430,100139,1.0,1,-318.0,-341.0,19138.095,19138.095
2571615,390893,1.0,5,-50.0,-59.0,5840.91,5840.91
2204293,149605,0.0,11,-2203.0,-2203.0,4500.0,4500.0
2206851,363304,1.0,6,-756.0,-779.0,13044.105,13044.105
1498931,290892,1.0,7,-662.0,-673.0,62323.335,62323.335
2057112,314555,0.0,12,-207.0,-211.0,15260.67,15260.67
1437364,432695,1.0,1,-682.0,-689.0,3146.895,3146.895
2050602,110267,1.0,1,-2408.0,-2429.0,8694.9,8694.9
2318022,335162,1.0,5,-390.0,-406.0,23844.78,112500.0
2462327,276828,0.0,17,-2338.0,-2338.0,597.465,597.465
2644304,319357,8.0,11,-11.0,-15.0,58028.895,58028.895
1847900,195919,0.0,14,-124.0,-120.0,10613.205,10613.205
1312278,113022,1.0,2,-1296.0,-1305.0,20841.48,20841.48
1456908,285528,1.0,4,-830.0,-831.0,17713.125,17713.125
1141748,164715,1.0,5,-341.0,-349.0,9974.61,9974.61
2303768,123251,0.0,124,-1014.0,-1016.0,8100.0,8100.0
1219655,380703,2.0,4,-2142.0,-2157.0,123814.8,123814.8
2841762,305339,0.0,68,-1363.0,-1363.0,18000.0,18000.0
2690944,450301,1.0,1,-2011.0,-2020.0,3728.835,3728.835
2589188,290082,1.0,9,-2905.0,-2904.0,11700.36,11620.08
1392370,342952,0.0,15,-2666.0,-2666.0,1482.57,1482.57
2539371,317285,1.0,7,-408.0,-416.0,32937.255,32937.255
1393992,189564,0.0,91,-782.0,-782.0,20.655,20.655
1783025,115791,1.0,3,-2805.0,-2804.0,12820.23,12820.23
1414551,212496,1.0,11,-541.0,-543.0,11189.97,11189.97
1480618,361437,0.0,18,-513.0,-513.0,122.31,122.31
1354906,338919,1.0,10,-2831.0,-2831.0,3323.115,3323.115
1416518,408966,0.0,5,-826.0,-826.0,6979.545,4500.0
2448236,351888,1.0,28,-84.0,-87.0,17847.0,17847.0
2224574,401195,1.0,1,-1434.0,-1446.0,6037.2,6037.2
2346058,250242,1.0,10,-2220.0,-2262.0,7114.365,7114.365
1135826,436695,1.0,12,-2228.0,-2227.0,10388.835,10388.835
2561238,222440,1.0,8,-2291.0,-2294.0,5246.01,5246.01
1503362,180825,1.0,7,-585.0,-622.0,7901.685,7901.685
2050110,423312,1.0,13,-744.0,-838.0,5781.645,5781.645
2702534,331933,0.0,73,-642.0,-642.0,51.525,51.525
2356801,152535,1.0,5,-673.0,-685.0,17001.0,17001.0
2613233,233501,1.0,12,-1397.0,-1380.0,37508.445,36378.0
1373293,325131,0.0,8,-140.0,-140.0,661.32,661.32
2317708,133216,1.0,1,-1928.0,-1932.0,13562.325,13562.325
2414357,390758,1.0,11,-1811.0,-1807.0,5294.475,4964.265
2611428,179215,1.0,52,-897.0,-888.0,13309.92,13299.84
2031216,415238,0.0,62,-1537.0,-1537.0,2530.215,2530.215
1011985,268858,0.0,32,-2713.0,-2713.0,900.0,900.0
2760859,290298,1.0,9,-1090.0,-1098.0,9191.655,9191.655
2089424,327574,1.0,7,-1939.0,-1933.0,3710.565,3710.565
1974865,384183,0.0,4,-2804.0,-2807.0,6750.0,6750.0
2316000,130368,1.0,1,-771.0,-779.0,26472.24,26472.24
1339068,112462,1.0,4,-852.0,-871.0,21313.215,21313.215
1127430,249566,1.0,3,-2877.0,-2877.0,9258.435,9258.435
1665596,171354,1.0,15,-1228.0,-1244.0,12280.5,12280.5
1082532,445292,1.0,7,-969.0,-988.0,10561.41,10561.41
1672484,344140,2.0,5,-684.0,-689.0,13424.625,13424.625
1267302,238453,0.0,84,-141.0,-141.0,2100.915,2100.915
2103586,266094,1.0,6,-1967.0,-1971.0,7790.4,7790.4
1831002,133694,1.0,4,-203.0,-203.0,21839.625,21839.625
2671966,204304,1.0,13,-1264.0,-1267.0,4467.735,487.98
1294315,360943,1.0,7,-1463.0,-1471.0,43137.45,43137.45
2034886,389729,1.0,2,-978.0,-983.0,6535.8,6535.8
1816677,343076,0.0,48,-1123.0,-1128.0,6750.0,6750.0
2466954,389466,1.0,10,-315.0,-344.0,15412.095,15412.095
1215916,233111,1.0,21,-139.0,-143.0,27796.095,27796.095
2229371,450099,1.0,14,-75.0,-83.0,13600.8,13600.8
2014274,418638,1.0,2,-1309.0,-1317.0,6688.53,6688.53
2642747,268360,0.0,73,-1318.0,-1318.0,642.15,642.15
1697235,192587,2.0,7,-643.0,-646.0,75314.88,75314.88
1939908,271752,1.0,2,-192.0,-206.0,22425.975,22425.975
2121159,449287,1.0,2,-930.0,-931.0,44967.6,44967.6
1177250,150933,1.0,10,-1992.0,-2016.0,8862.21,143.37
2438811,442783,1.0,10,-2283.0,-2285.0,2717.19,2717.19
1465159,160755,1.0,6,-98.0,-108.0,9482.13,9482.13
1545081,215667,1.0,6,-2053.0,-2079.0,4962.33,4962.33
1420362,140367,1.0,4,-1028.0,-1036.0,10111.365,10111.365
1365723,122207,1.0,14,-758.0,-756.0,62130.42,53642.52
2328134,437171,2.0,2,-193.0,-198.0,14202.675,14202.675
1950730,421920,1.0,19,-84.0,-126.0,62293.59,62293.59
2495627,388580,1.0,12,-256.0,-257.0,50302.935,50302.935
2293025,367629,0.0,18,-1042.0,-1042.0,58500.0,58500.0
2536228,303566,1.0,1,-309.0,-316.0,9799.155,9799.155
1362890,291677,3.0,5,-677.0,-680.0,42981.075,42981.075
2628561,234891,1.0,6,-2104.0,-2133.0,4576.095,2.025
2162652,183192,1.0,8,-1765.0,-1785.0,2881.755,2881.755
2683167,383572,0.0,11,-458.0,-458.0,4500.0,4500.0
2717380,439017,0.0,89,-152.0,-152.0,9.225,9.225
1591964,224339,1.0,13,-665.0,-673.0,49375.035,49375.035
1675667,446785,0.0,33,-1539.0,-1539.0,1125.0,1125.0
2299138,455828,1.0,10,-132.0,-141.0,6790.77,6790.77
1946700,280986,1.0,10,-2146.0,-2150.0,5505.165,5505.165
1493324,210204,1.0,8,-940.0,-940.0,22680.045,22680.045
1537262,378470,1.0,4,-889.0,-898.0,2541.96,2541.96
2087690,100571,1.0,3,-255.0,-264.0,29490.975,29490.975
1374823,283430,0.0,45,-1507.0,-1519.0,5625.0,5625.0
1745811,204099,0.0,21,-93.0,-93.0,77.355,77.355
2427785,382151,1.0,12,-771.0,-777.0,6734.34,6734.34
1390594,100896,1.0,28,-1773.0,-1772.0,8478.0,8478.0
2210862,422338,1.0,15,-991.0,-988.0,18161.685,2697.075
1078147,274794,0.0,94,-1333.0,-1333.0,900.0,900.0
1061250,401479,1.0,15,-504.0,-509.0,55973.295,55973.295
2177473,162111,1.0,24,-648.0,-647.0,11475.0,11475.0
2556631,307434,1.0,2,-1540.0,-1543.0,9209.025,9209.025
2064776,307081,1.0,8,-402.0,-403.0,30658.725,30658.725
2613156,246481,1.0,24,-560.0,-567.0,19093.635,19093.635
2299867,313913,2.0,9,-499.0,-507.0,47756.475,47756.475
1645543,328664,0.0,59,-1221.0,-1230.0,9000.0,9000.0
2831782,116062,0.0,50,-1762.0,-1765.0,9000.0,9000.0
1436223,340229,1.0,6,-554.0,-562.0,13267.44,13267.44
1472643,259682,0.0,8,-978.0,-978.0,6711.705,6711.705
1374670,181749,1.0,4,-2387.0,-2399.0,3031.425,3031.425
1960415,357677,1.0,4,-911.0,-936.0,5869.575,5869.575
1219983,202616,1.0,7,-1147.0,-1148.0,20289.42,20289.42
1311522,348951,1.0,2,-1408.0,-1441.0,34503.66,34503.66
1617650,245811,1.0,5,-1869.0,-1865.0,2936.16,2936.16
1655877,236819,1.0,5,-1393.0,-1392.0,7969.23,7969.23
1969177,328379,0.0,60,-1454.0,-1454.0,5554.26,5554.26
1471542,422868,1.0,6,-391.0,-402.0,15663.645,15663.645
2224265,280296,2.0,15,-483.0,-497.0,21266.28,21266.28
2552497,182104,1.0,7,-632.0,-631.0,10405.35,10405.35
2386609,227273,1.0,6,-821.0,-828.0,20229.84,20229.84
2165201,309997,1.0,27,-36.0,-40.0,5490.0,5490.0
1670723,162731,1.0,11,-990.0,-990.0,20378.16,20378.16
1498858,315010,1.0,5,-2250.0,-2255.0,8918.19,8918.19
2369533,261231,1.0,36,-5.0,-7.0,46005.21,46005.21
1375139,261215,0.0,15,-2780.0,-2767.0,4500.0,4500.0
2439282,392392,1.0,2,-221.0,-233.0,18010.71,18010.71
1856255,384232,2.0,12,-704.0,-706.0,26741.295,26741.295
2142903,416842,1.0,12,-353.0,-378.0,12276.63,12276.63
1096153,257262,1.0,11,-404.0,-403.0,5488.11,5488.11
1952187,154368,0.0,1,-137.0,-156.0,5700.6,5700.6
1158719,112804,1.0,3,-691.0,-725.0,5763.96,5763.96
1171541,451078,1.0,12,-181.0,-205.0,65097.0,1683.045
1125090,108678,1.0,3,-2462.0,-2480.0,10385.055,10385.055
2803285,137093,1.0,10,-1651.0,-1650.0,3795.48,3795.48
1050879,160633,1.0,12,-561.0,-581.0,11376.045,11376.045
1490104,176591,3.0,7,-303.0,-303.0,46606.545,46606.545
1419546,131605,1.0,8,-1619.0,-1623.0,9889.515,9889.515
1491107,333604,1.0,9,-1429.0,-1443.0,5240.565,5240.565
2110697,201090,1.0,6,-1078.0,-1070.0,6854.85,6848.1
1829857,452487,0.0,77,-701.0,-701.0,130.77,130.77
1412642,411969,1.0,8,-848.0,-854.0,13427.865,13427.865
1414870,453084,1.0,11,-1840.0,-1848.0,7174.35,7174.35
2287274,271540,1.0,3,-2774.0,-2837.0,2121.075,2121.075
2394946,140436,1.0,12,-1268.0,-1269.0,9430.02,9430.02
1105499,437420,1.0,7,-1341.0,-1352.0,13503.195,13503.195
2105844,338903,1.0,18,-1358.0,-1355.0,10974.645,6293.61
1051496,171489,1.0,6,-2104.0,-2114.0,1851.75,1851.75
2835758,342950,1.0,10,-2783.0,-2783.0,2289.15,2289.15
2028132,186333,0.0,81,-573.0,-573.0,202.05,202.05
1002612,369721,0.0,65,-751.0,-751.0,170.055,170.055
1258140,419337,1.0,1,-1245.0,-1251.0,13269.69,13269.69
2028332,219302,1.0,2,-688.0,-723.0,17290.575,17290.575
1710407,358704,0.0,25,-1355.0,-1355.0,251.505,251.505
2353116,317600,1.0,11,-1146.0,-1159.0,5658.975,5658.975
1311642,410418,0.0,15,-463.0,-463.0,982.62,982.62
1106075,403402,1.0,4,-265.0,-280.0,20317.725,20317.725
2751426,147290,1.0,6,-404.0,-423.0,20361.6,20361.6
2659469,284694,1.0,21,-2039.0,-2037.0,8478.0,8475.21
2477851,231420,1.0,1,-1273.0,-1303.0,16303.14,16303.14
2745408,194674,1.0,15,-158.0,-217.0,11080.575,11080.575
2132429,169721,1.0,6,-601.0,-621.0,10160.685,10160.685
2721111,378077,1.0,11,-1313.0,-1322.0,18987.255,18987.255
2775358,124480,3.0,4,-503.0,-514.0,27068.94,107931.06
1454481,124076,1.0,2,-639.0,-644.0,32160.6,32160.6
1318514,440203,0.0,20,-2500.0,-2500.0,1054.17,1054.17
1792339,267790,1.0,11,-251.0,-254.0,15221.25,15221.25
1417390,153141,0.0,66,-244.0,-244.0,376.02,376.02
1053197,161065,3.0,7,-754.0,-780.0,9480.78,9480.78
1451098,217563,1.0,11,-35.0,-43.0,12082.86,12082.86
1660678,303001,1.0,3,-986.0,-997.0,31396.41,31396.41
2629914,419576,0.0,44,-86.0,-86.0,1.665,1.665
1843441,245603,2.0,4,-338.0,-375.0,5956.92,5956.92
2049157,325100,1.0,4,-1792.0,-1802.0,13378.095,13378.095
2462939,428563,0.0,46,-796.0,-814.0,7853.445,7853.445
1919855,160038,1.0,4,-566.0,-565.0,36863.865,36863.865
1480647,451164,0.0,75,-460.0,-460.0,926.325,926.325
1926256,401993,0.0,59,-1813.0,-1813.0,1125.0,1125.0
1131711,266641,1.0,4,-836.0,-840.0,10172.205,10172.205
1787584,374406,1.0,13,-1008.0,-1020.0,16543.17,16543.17
1372996,214089,1.0,4,-1045.0,-1033.0,8900.685,7691.94
1751375,310740,0.0,1,-2257.0,-2257.0,112500.0,112500.0
1101215,360575,1.0,15,-29.0,-36.0,7439.085,7439.085
1718032,167256,1.0,2,-797.0,-817.0,26268.3,26268.3
1683184,198218,1.0,4,-178.0,-195.0,290358.0,290358.0
1687834,394958,0.0,75,-1768.0,-1793.0,10800.0,900.0
1493455,147764,1.0,16,-1335.0,-1373.0,5734.575,5734.575
1725695,424807,1.0,5,-1541.0,-1552.0,28563.39,28563.39
2295192,256503,1.0,8,-217.0,-226.0,13455.585,13455.585
2676178,401891,1.0,10,-249.0,-289.0,10300.95,1111.95
2672456,195406,2.0,9,-907.0,-920.0,24731.505,24731.505
2044305,303693,0.0,12,-1306.0,-1310.0,9450.0,9450.0
2028706,342292,1.0,14,-330.0,-332.0,12646.215,12646.215
2408863,150849,3.0,7,-61.0,-96.0,22234.59,22234.59
1276514,173914,1.0,1,-768.0,-782.0,19422.99,19422.99
1271571,178511,1.0,1,-1064.0,-1081.0,22654.575,22654.575
1602899,322586,0.0,84,-1619.0,-1631.0,6750.0,6750.0
1267449,170847,0.0,40,-1229.0,-1245.0,6750.0,6750.0
1541432,223789,1.0,10,-422.0,-430.0,3849.75,3849.75
2438946,439999,1.0,5,-891.0,-899.0,11252.16,11252.16
1782125,265478,0.0,67,-2040.0,-2040.0,1035.0,1035.0
1918858,390657,1.0,5,-1806.0,-1813.0,4727.025,4727.025
2540381,356792,0.0,6,-2002.0,-2010.0,9000.0,9000.0
2323122,182505,1.0,15,-2199.0,-2207.0,1188.585,1188.585
2547752,318269,1.0,9,-2269.0,-2271.0,7164.09,7164.09
1921521,116984,1.0,3,-1654.0,-1705.0,2950.785,2.43
1595742,378632,0.0,40,-2136.0,-2136.0,1564.29,1564.29
1310226,407934,1.0,10,-1958.0,-1957.0,26154.945,26154.945
1770907,309285,1.0,12,-455.0,-453.0,6989.31,6678.72
2104637,420355,1.0,17,-163.0,-173.0,20564.235,20564.235
1087399,280402,1.0,14,-1955.0,-1956.0,8610.12,8610.12
1467899,168057,1.0,9,-45.0,-45.0,25996.365,25996.365
1075537,314743,1.0,7,-1631.0,-1637.0,16978.905,16978.905
1845591,342524,1.0,9,-2730.0,-2750.0,2803.995,2803.995
2824543,297724,1.0,1,-645.0,-646.0,23836.815,23836.815
1775012,355696,0.0,39,-179.0,-181.0,13451.4,13451.4
2774136,249352,1.0,6,-2411.0,-2428.0,10776.285,10776.285
2595454,327696,0.0,79,-529.0,-529.0,7.155,7.155
2148274,244174,1.0,5,-1110.0,-1121.0,7081.335,7081.335
2076645,256079,0.0,39,-2088.0,-2088.0,344.34,344.34
1517561,231267,1.0,9,-516.0,-524.0,30422.565,30422.565
2774452,356771,0.0,8,-476.0,-476.0,29233.215,29233.215
2394067,279428,1.0,4,-1115.0,-1130.0,6880.95,6880.95
2310701,226409,1.0,4,-1040.0,-1042.0,37833.57,37833.57
1855430,317807,1.0,3,-894.0,-903.0,14725.08,14725.08
1424392,113859,0.0,98,-289.0,-289.0,1816.11,1816.11
1077931,391342,2.0,5,-444.0,-464.0,22810.545,22810.545
1419510,299466,1.0,5,-97.0,-114.0,33526.125,33526.125
2831139,172102,1.0,1,-657.0,-656.0,22048.56,22048.56
2730342,415966,1.0,1,-158.0,-166.0,35487.54,35487.54
2641067,136569,0.0,13,-203.0,-203.0,6052.725,6052.725
2080195,117720,1.0,3,-830.0,-848.0,18950.535,18950.535
2797788,308824,1.0,11,-189.0,-202.0,71031.78,71031.78
1570438,121189,0.0,29,-1891.0,-1903.0,9000.0,9000.0
1064721,318700,1.0,16,-147.0,-183.0,17256.78,7258.365
1287920,192954,1.0,6,-484.0,-484.0,12375.495,12375.495
2403545,119253,3.0,7,-148.0,-149.0,9922.05,9922.05
2834012,430177,0.0,18,-122.0,-122.0,285.57,285.57
1188332,349727,1.0,1,-277.0,-282.0,3544.965,3544.965
1176882,128688,0.0,15,-278.0,-288.0,6845.76,6845.76
2167158,252208,1.0,13,-350.0,-499.0,6346.26,6346.26
2396945,332484,2.0,11,-342.0,-348.0,500607.63,540000.0
2474930,320309,2.0,9,-1685.0,-1686.0,25967.88,25967.88
1045998,299521,1.0,2,-954.0,-984.0,30081.825,30081.825
1058017,221255,1.0,4,-717.0,-707.0,12801.24,12801.24
2226534,176258,1.0,27,-1637.0,-1640.0,10160.685,10160.685
1831337,125694,1.0,2,-362.0,-377.0,11680.965,11680.965
1764832,200702,1.0,5,-1323.0,-1336.0,10073.43,10073.43
2062946,113297,0.0,10,-117.0,-117.0,901.71,901.71
2536087,173306,0.0,81,-1369.0,-1369.0,205.425,205.425
2636437,298682,6.0,7,-445.0,-446.0,55271.25,85617.0
1787778,157141,3.0,102,-860.0,-851.0,1350.0,1350.0
1077603,287434,0.0,9,-91.0,-91.0,87750.0,87750.0
1728404,267922,1.0,5,-518.0,-528.0,10539.945,10539.945
2396366,180120,0.0,74,-923.0,-923.0,39.42,39.42
1435281,203014,1.0,1,-107.0,-126.0,4477.68,4477.68
1918938,445652,1.0,2,-843.0,-853.0,5838.075,5838.075
1062249,269564,0.0,14,-2549.0,-2561.0,6750.0,6750.0
1459787,431665,1.0,24,-117.0,-113.0,35620.38,9000.0
1213682,414798,1.0,1,-1931.0,-1936.0,3997.935,3997.935
2797548,305917,1.0,7,-1008.0,-1056.0,8216.82,8216.82
1039846,174340,1.0,4,-2567.0,-2560.0,11594.655,10934.685
1850185,320352,1.0,1,-581.0,-595.0,7022.475,7022.475
1336985,276711,1.0,9,-1339.0,-1346.0,6526.935,6526.935
1906402,146400,1.0,9,-1707.0,-1706.0,8921.475,8921.475
1618978,268322,1.0,20,-2228.0,-2253.0,12492.0,12492.0
2281228,240842,1.0,3,-2423.0,-2427.0,22252.725,22252.725
2643968,291246,1.0,8,-2229.0,-2248.0,3647.655,3647.655
2044455,340474,1.0,7,-1710.0,-1737.0,10708.56,10708.56
1679225,202603,0.0,45,-48.0,-50.0,7163.235,7163.235
1394672,287776,1.0,1,-2705.0,-2714.0,2420.415,2420.415
2450711,290827,1.0,20,-1129.0,-1151.0,5761.53,5761.53
2166365,117324,1.0,3,-1619.0,-1636.0,9026.64,9026.64
1289490,268326,2.0,9,-372.0,-346.0,26703.0,25129.53
2248713,235988,1.0,8,-762.0,-761.0,49219.74,49219.74
2756274,299778,1.0,3,-1521.0,-1533.0,17767.89,17767.89
1054908,160261,1.0,14,-809.0,-813.0,50031.0,50031.0
1336008,245904,1.0,22,-756.0,-759.0,30017.565,30017.565
1897556,179119,2.0,6,-274.0,-290.0,118268.415,118268.415
2280959,183545,0.0,18,-95.0,-98.0,10953.99,10953.99
2641908,194193,0.0,23,-2138.0,-2147.0,9000.0,9000.0
2787995,103208,0.0,24,-752.0,-760.0,4399.2,4399.2
2639754,270312,1.0,2,-802.0,-825.0,22753.17,22753.17
1277632,197277,1.0,11,-394.0,-392.0,10125.225,9862.92
2673544,400727,1.0,18,-127.0,-112.0,20261.385,20257.38
1799738,335248,1.0,9,-2154.0,-2154.0,7869.015,7869.015
1153149,416302,0.0,106,-353.0,-353.0,1070.055,1070.055
1054626,239214,0.0,9,-2661.0,-2661.0,6750.0,6750.0
2225995,190592,1.0,16,-657.0,-667.0,16423.65,16423.65
2094465,417368,1.0,1,-645.0,-659.0,4915.485,4915.485
2234929,163529,1.0,3,-999.0,-1000.0,51980.94,51980.94
1155557,101423,1.0,6,-2126.0,-2136.0,4963.455,4963.455
1431698,302743,0.0,70,-965.0,-965.0,619.335,619.335
1887145,418334,0.0,85,-200.0,-200.0,1.17,1.17
1078882,290394,1.0,10,-1192.0,-1213.0,5257.89,5257.89
1268826,166410,1.0,4,-144.0,-142.0,2914.965,2884.14
2138304,327983,1.0,3,-404.0,-415.0,5593.14,5593.14
2141489,146342,1.0,2,-182.0,-186.0,35418.42,35418.42
1384296,352942,1.0,19,-105.0,-106.0,8773.47,8773.47
1969000,322502,0.0,66,-258.0,-276.0,6750.0,6750.0
1664462,416464,1.0,1,-34.0,-64.0,5490.18,5490.18
2777003,387884,1.0,6,-189.0,-195.0,8518.005,8518.005
2210738,434735,1.0,4,-1002.0,-1003.0,13700.925,13700.925
1271644,436977,1.0,16,-269.0,-267.0,29526.795,14938.515
1620746,455236,1.0,21,-625.0,-662.0,14892.3,14892.3
2173492,340529,1.0,9,-1380.0,-1417.0,10752.48,10752.48
1190221,215986,1.0,3,-587.0,-597.0,11571.39,11571.39
2715916,314057,3.0,30,-79.0,-86.0,8935.02,8935.02
1513111,221353,1.0,5,-480.0,-512.0,6713.775,6713.775
2807925,449941,0.0,9,-477.0,-479.0,9383.715,9383.715
2475987,122407,0.0,83,-941.0,-941.0,225.0,225.0
1895590,325213,1.0,8,-315.0,-343.0,6166.71,6166.71
1432129,140131,1.0,3,-763.0,-775.0,4385.925,4385.925
1350813,370812,0.0,65,-1720.0,-1721.0,4500.0,4500.0
2700899,448376,1.0,2,-1039.0,-1087.0,13886.73,13886.73
2027207,378639,1.0,4,-630.0,-638.0,11759.805,11759.805
2505487,290856,0.0,3,-2849.0,-2864.0,4500.0,4500.0
2499510,207981,0.0,96,-1721.0,-1721.0,1800.0,1800.0
2248439,187199,0.0,43,-1735.0,-1735.0,3375.0,3375.0
2726194,207648,0.0,94,-203.0,-203.0,2382.255,2382.255
2448530,276036,0.0,42,-712.0,-712.0,6281.19,6281.19
2658937,200008,0.0,119,-428.0,-428.0,5890.815,5890.815
2001234,446139,2.0,5,-545.0,-551.0,4532.13,4532.13
1413532,297789,2.0,27,-88.0,-89.0,50838.75,50838.75
1448620,269506,2.0,4,-1450.0,-1453.0,6075.0,6075.0
1382460,242764,0.0,33,-2607.0,-2613.0,3375.0,3375.0
1768128,443669,1.0,3,-1294.0,-1309.0,20187.675,20187.675
1710956,418869,1.0,3,-2842.0,-2842.0,8049.69,8049.69
2647831,144240,1.0,13,-521.0,-530.0,9447.975,9447.975
2672735,117176,1.0,6,-492.0,-495.0,9936.0,9936.0
1525472,333890,1.0,16,-884.0,-870.0,6419.7,6409.395
1824747,339752,1.0,3,-2206.0,-2221.0,14723.64,14723.64
2595586,270490,1.0,13,-1145.0,-1154.0,12180.825,12180.825
2168470,328441,1.0,3,-1107.0,-1129.0,3997.305,3997.305
2822028,305533,2.0,4,-1190.0,-1202.0,14684.49,14684.49
1376960,161537,1.0,3,-2624.0,-2658.0,17130.06,17130.06
2244558,216572,1.0,12,-2249.0,-2260.0,15605.235,15605.235
2268118,340590,1.0,2,-2191.0,-2202.0,6770.115,6770.115
1221585,404328,1.0,4,-2356.0,-2370.0,8229.6,8229.6
1844929,189486,1.0,13,-394.0,-401.0,5633.415,5633.415
1537494,304607,1.0,8,-2170.0,-2184.0,3631.725,3631.725
2463200,368507,1.0,11,-1330.0,-1340.0,7824.555,7824.555
1951887,421140,0.0,11,-219.0,-231.0,3072.42,3072.42
1800723,454559,0.0,68,-2148.0,-2154.0,8100.0,8100.0
1678242,174876,1.0,11,-2471.0,-2476.0,4261.5,4261.5
1760482,295412,1.0,8,-1299.0,-1308.0,4154.445,4154.445
1382693,187915,1.0,1,-575.0,-604.0,6745.05,6745.05
1439146,216227,1.0,11,-774.0,-775.0,4793.175,4793.175
2428846,346818,2.0,16,-977.0,-982.0,10962.495,10962.495
1839783,217948,1.0,10,-832.0,-852.0,67105.575,174.825
1029544,147305,1.0,3,-1680.0,-1713.0,5462.1,5462.1
1712185,162767,1.0,1,-577.0,-581.0,8202.915,8202.915
2356264,150384,0.0,13,-810.0,-815.0,22545.36,22545.36
2766073,382797,3.0,20,-95.0,-125.0,19371.15,19371.15
2082559,253924,3.0,5,-515.0,-513.0,2856.96,2762.325
1444481,174450,0.0,97,-205.0,-205.0,172460.34,172460.34
1440730,320676,1.0,4,-2484.0,-2484.0,14843.52,14843.52
2578573,227119,0.0,18,-1022.0,-1022.0,45000.0,45000.0
2234689,392441,1.0,5,-2271.0,-2268.0,12209.895,9186.975
2148305,222517,0.0,96,-718.0,-714.0,12161.43,12161.43
1289661,373065,1.0,21,-229.0,-241.0,36292.5,36292.5
1683650,168281,1.0,5,-2566.0,-2566.0,4729.815,4729.815
2557038,320727,1.0,3,-469.0,-483.0,27449.82,27449.82
1054180,303722,1.0,3,-2467.0,-2467.0,4921.2,4921.2
2651411,438604,1.0,13,-648.0,-651.0,10579.68,10579.68
2087752,445581,0.0,19,-341.0,-358.0,11086.605,11086.605
2088453,183183,0.0,3,-1857.0,-1863.0,4725.0,4725.0
2080263,204037,1.0,1,-787.0,-798.0,5249.97,5249.97
2452844,132898,1.0,7,-936.0,-943.0,14497.605,14497.605
1622703,420887,1.0,39,-239.0,-241.0,10945.17,10945.17
1437574,278566,2.0,9,-2215.0,-2223.0,11159.955,11159.955
2572655,298403,0.0,104,-372.0,-372.0,1339.515,1339.515
2467526,145831,1.0,2,-298.0,-298.0,18692.1,18692.1
1927001,391829,1.0,10,-1031.0,-1030.0,26504.1,26504.1
1076849,141850,0.0,18,-2416.0,-2438.0,3375.0,3375.0
2717205,395693,0.0,67,-1231.0,-1231.0,124.245,124.245
1152293,351854,1.0,21,-263.0,-270.0,13765.5,13765.5
1926976,431886,1.0,3,-1163.0,-1173.0,13504.455,13504.455
2214468,379624,0.0,26,-1903.0,-1901.0,3375.0,3375.0
2050107,272480,0.0,58,-904.0,-913.0,4500.0,4500.0
2560402,342255,5.0,10,-27.0,-30.0,8011.935,8011.935
1681781,328061,0.0,38,-1942.0,-1958.0,6750.0,6750.0
1229962,142675,2.0,5,-547.0,-547.0,239744.97,239744.97
1484379,291559,1.0,6,-631.0,-643.0,9109.485,9109.485
1304991,427542,0.0,45,-1827.0,-1827.0,359.91,359.91
2833453,406007,4.0,3,-622.0,-624.0,34297.515,34297.515
2513790,277919,1.0,16,-94.0,-94.0,12428.235,12428.235
1779810,328867,1.0,9,-2005.0,-2087.0,6049.08,6049.08
1331664,180002,1.0,3,-888.0,-912.0,8647.38,8647.38
2385966,337125,1.0,2,-1338.0,-1357.0,10103.22,10103.22
2464791,415330,0.0,18,-101.0,-104.0,9135.27,9135.27
2299590,290856,1.0,4,-2758.0,-2758.0,1667.88,1667.88
2643138,298135,0.0,5,-786.0,-786.0,2437.83,2437.83
2086993,151198,0.0,77,-1338.0,-1338.0,4500.0,4500.0
1461249,301859,1.0,15,-119.0,-127.0,5784.795,5784.795
1388192,349825,1.0,7,-967.0,-981.0,2415.555,2415.555
1354962,273198,0.0,61,-1167.0,-1167.0,910.845,910.845
1255937,392401,0.0,19,-2149.0,-2149.0,2250.0,2250.0
1152989,434076,1.0,1,-197.0,-209.0,14292.045,14292.045
2681502,378800,1.0,1,-413.0,-431.0,5927.94,5927.94
2605072,126045,1.0,7,-1097.0,-1149.0,29389.5,29389.5
1705244,131874,2.0,2,-108.0,-113.0,223453.935,223453.935
2834255,137620,1.0,3,-1600.0,-1616.0,3361.68,3361.68
1351539,205503,1.0,18,-378.0,-380.0,18918.0,18918.0
2126867,104800,1.0,8,-343.0,-341.0,11205.54,10753.965
1517906,418984,1.0,9,-437.0,-443.0,17041.41,17041.41
1398171,381446,1.0,6,-2014.0,-2015.0,8861.265,8861.265
2011029,287537,0.0,27,-2155.0,-2168.0,3375.0,3375.0
2360907,199677,1.0,9,-422.0,-441.0,22119.705,22119.705
2491117,284994,0.0,74,-531.0,-531.0,27.945,27.945
1556675,195496,1.0,6,-953.0,-964.0,56507.58,56507.58
2444651,280556,1.0,15,-693.0,-696.0,38914.425,38914.425
2259430,362436,1.0,3,-485.0,-531.0,7280.415,7280.415
2708165,209704,3.0,17,-356.0,-361.0,29596.005,29596.005
1337829,291843,0.0,9,-274.0,-274.0,291870.0,291870.0
2551991,166963,1.0,11,-293.0,-325.0,7925.355,7925.355
2157504,443203,1.0,7,-1859.0,-1839.0,12061.08,1.08
2631820,262425,0.0,19,-2158.0,-2168.0,9000.0,9000.0
2636470,160121,0.0,45,-355.0,-351.0,2250.0,2250.0
2199035,447852,0.0,6,-962.0,-981.0,67.5,67.5
1682791,417301,1.0,11,-48.0,-55.0,28465.38,28465.38
1865850,184977,0.0,16,-561.0,-561.0,4805.325,4805.325
2063121,349279,1.0,18,-968.0,-967.0,5420.61,5420.61
2001050,223947,1.0,3,-1457.0,-1483.0,10980.36,10980.36
2738381,265640,1.0,6,-535.0,-563.0,8357.355,8357.355
1685302,141031,0.0,61,-2607.0,-2607.0,941.76,941.76
1555681,209407,1.0,3,-659.0,-688.0,6252.885,6252.885
2108158,274252,0.0,34,-2015.0,-2045.0,452.745,452.745
1822590,129413,1.0,1,-1034.0,-1039.0,55679.355,55679.355
2304423,171219,1.0,3,-1580.0,-1604.0,5565.51,5565.51
2765285,112283,1.0,2,-853.0,-895.0,4599.45,4599.45
1941051,418917,0.0,11,-272.0,-273.0,11367.855,11367.855
2589402,376424,0.0,36,-2123.0,-2128.0,5625.0,5625.0
1503555,443077,0.0,20,-39.0,-39.0,29403.0,29403.0
2416833,410141,1.0,1,-2902.0,-2902.0,5671.8,5671.8
2774531,429168,1.0,5,-863.0,-877.0,6523.65,6523.65
2372545,252470,1.0,8,-250.0,-251.0,44829.18,44829.18
2409487,270069,1.0,14,-813.0,-825.0,6354.45,6354.45
2270749,324373,0.0,61,-1751.0,-1770.0,67.5,27.495
2080805,196219,1.0,1,-1378.0,-1396.0,6434.01,6434.01
1692436,429915,0.0,54,-1258.0,-1285.0,5625.0,5625.0
1006234,441345,0.0,70,-1149.0,-1149.0,148.545,148.545
2437931,152563,1.0,4,-2063.0,-2119.0,4384.26,4384.26
2727714,174765,1.0,1,-2307.0,-2312.0,5438.7,2388.555
2817804,179287,0.0,23,-2185.0,-2190.0,3375.0,3375.0
1881852,350252,1.0,4,-516.0,-532.0,18472.41,18472.41
1522433,294527,1.0,8,-600.0,-600.0,7576.65,7576.65
1739191,238150,1.0,10,-59.0,-66.0,20876.805,20876.805
1484648,180102,1.0,8,-1502.0,-1505.0,10930.275,10930.275
1949116,274479,1.0,18,-421.0,-427.0,9912.375,9912.375
2832108,151065,1.0,8,-301.0,-313.0,7925.625,7925.625
1491322,218373,1.0,1,-140.0,-155.0,30559.095,30559.095
1487581,273202,1.0,4,-2373.0,-2442.0,15275.97,15275.97
1423285,309357,1.0,11,-2275.0,-2274.0,12069.0,12069.0
2648748,201679,1.0,12,-45.0,-53.0,16949.115,16949.115
1998981,382477,1.0,5,-118.0,-134.0,8166.825,8166.825
1438862,298791,1.0,7,-771.0,-782.0,8594.055,8594.055
1782154,119949,0.0,29,-794.0,-794.0,31500.0,31500.0
2643591,179233,1.0,7,-2335.0,-2314.0,13114.98,46.53
2360825,414802,1.0,12,-333.0,-336.0,24718.59,24718.59
2437487,162434,1.0,17,-807.0,-813.0,3467.88,3467.88
2366468,214106,0.0,4,-2092.0,-2103.0,2250.0,2250.0
1760642,174897,0.0,112,-195.0,-195.0,179.325,179.325
1281816,307132,0.0,25,-2835.0,-2845.0,4050.0,4050.0
2216016,404828,3.0,10,-295.0,-300.0,31837.815,31837.815
1570113,108484,1.0,7,-470.0,-492.0,11142.225,11142.225
2491177,297502,0.0,52,-750.0,-750.0,322.785,322.785
1750098,410851,1.0,6,-233.0,-242.0,13491.72,13491.72
2395337,321970,1.0,12,-564.0,-594.0,12527.685,12527.685
2801398,419970,0.0,77,-1385.0,-1385.0,87.435,87.435
1010876,421345,0.0,16,-79.0,-79.0,13950.0,13950.0
2321504,263590,1.0,7,-857.0,-867.0,8921.565,8921.565
1265413,423648,0.0,3,-640.0,-640.0,63000.0,63000.0
1485790,117024,2.0,5,-1581.0,-1610.0,7983.72,7983.72
2397467,128737,0.0,83,-1239.0,-1239.0,7596.675,7596.675
2384397,430229,1.0,1,-355.0,-367.0,21231.225,21231.225
2206422,283233,1.0,3,-121.0,-127.0,9476.955,9476.955
1143263,362857,1.0,6,-2394.0,-2434.0,1653.84,1653.84
2341051,295511,1.0,10,-349.0,-353.0,8775.36,8775.36
1730559,101285,1.0,10,-686.0,-691.0,8064.09,8064.09
1259207,401696,1.0,5,-2452.0,-2459.0,4048.875,4048.875
2506190,309156,0.0,19,-2161.0,-2161.0,9000.0,9000.0
1719801,342967,1.0,14,-34.0,-34.0,18033.21,18033.21
1517882,122945,1.0,1,-908.0,-925.0,16470.99,16470.99
2471987,367545,0.0,22,-573.0,-551.0,14733.54,333.54
2463737,422710,1.0,8,-2385.0,-2411.0,4682.925,4682.925
2696588,264531,0.0,74,-1194.0,-1194.0,114.615,114.615
1260765,265746,0.0,73,-1484.0,-1484.0,134.46,134.46
1473826,264689,1.0,2,-1425.0,-1428.0,20472.975,20472.975
2817162,362065,1.0,3,-2584.0,-2672.0,13934.61,13934.61
2373846,244406,1.0,10,-1856.0,-1847.0,4006.71,3865.905
1721587,430053,1.0,5,-927.0,-938.0,4990.095,4990.095
2785582,400317,1.0,5,-1035.0,-1051.0,18821.52,18821.52
1242577,413112,1.0,2,-969.0,-970.0,22328.325,22328.325
1979037,303755,1.0,1,-2298.0,-2319.0,5695.515,5695.515
1086989,425722,1.0,14,-528.0,-532.0,11752.02,11752.02
2248413,335978,0.0,85,-564.0,-564.0,2.475,2.475
1026799,160186,0.0,2,-198.0,-209.0,2250.0,2250.0
1155921,136809,1.0,21,-1692.0,-1790.0,24828.75,24828.75
2557245,144786,1.0,3,-2175.0,-2190.0,6853.32,6853.32
2765774,210553,1.0,4,-2486.0,-2479.0,6302.16,6302.16
1448684,101036,0.0,2,-605.0,-605.0,18996.525,18996.525
1517902,221732,1.0,6,-1659.0,-1719.0,31451.805,31451.805
2248315,325159,2.0,1,-54.0,-54.0,70460.145,70460.145
1068841,284686,0.0,106,-1358.0,-1358.0,7695.0,7695.0
1374481,201297,1.0,7,-1294.0,-1304.0,6154.56,6154.56
1728262,173834,0.0,81,-117.0,-117.0,2037.555,2037.555
2379409,222497,1.0,23,-1087.0,-1088.0,9583.425,9583.425
1743522,413014,1.0,1,-1340.0,-1359.0,4328.415,4328.415
1488570,167459,2.0,11,-1117.0,-1123.0,12173.04,12173.04
2062881,245989,1.0,2,-889.0,-898.0,10463.22,10463.22
1869791,208118,1.0,5,-69.0,-76.0,22703.22,22703.22
1388979,214678,0.0,40,-1917.0,-1917.0,626.13,626.13
1641903,416526,1.0,4,-1770.0,-1755.0,11272.23,4.23
2056426,361378,1.0,1,-2318.0,-2342.0,7243.785,7243.785
2803823,355019,1.0,7,-1932.0,-1967.0,5105.925,5105.925
1310510,364624,0.0,3,-264.0,-281.0,2250.0,657.36
1938166,381731,1.0,10,-857.0,-883.0,15645.6,15645.6
2526035,430354,0.0,91,-580.0,-580.0,213.93,213.93
1740767,324314,1.0,10,-1782.0,-1776.0,10058.625,9000.0
1923266,157837,0.0,65,-1395.0,-1415.0,3375.0,3375.0
2191952,135414,1.0,1,-1191.0,-1199.0,14668.785,14668.785
1169348,384507,1.0,2,-495.0,-491.0,22962.375,22714.605
2388611,334801,0.0,18,-239.0,-239.0,393.66,393.66
1417777,308340,0.0,7,-705.0,-705.0,89.28,89.28
1568895,142272,1.0,2,-1056.0,-1079.0,14364.18,14364.18
1211214,429925,0.0,13,-1884.0,-1890.0,9000.0,9000.0
1085654,173163,0.0,80,-573.0,-583.0,6750.0,6750.0
1109510,251412,0.0,26,-53.0,-53.0,6142.68,6142.68
2466038,354338,1.0,11,-351.0,-358.0,30267.585,30267.585
2017444,357049,1.0,3,-2525.0,-2547.0,4533.795,4533.795
1276229,430125,0.0,25,-2247.0,-2268.0,3375.0,3375.0
2642216,338024,2.0,21,-872.0,-872.0,6639.255,6639.255
2411243,288184,0.0,66,-1692.0,-1692.0,14625.0,14625.0
1258623,136011,1.0,3,-1283.0,-1288.0,28593.495,28593.495
1109933,162330,1.0,24,-33.0,-65.0,5240.565,5240.565
2491030,173837,1.0,1,-2517.0,-2517.0,2985.795,2985.795
1497392,377415,1.0,4,-1203.0,-1229.0,9690.39,9690.39
2328399,279694,1.0,19,-639.0,-633.0,9267.165,9171.135
2585993,363471,0.0,6,-2065.0,-2074.0,6750.0,6750.0
1312648,437195,1.0,2,-804.0,-814.0,5859.18,5859.18
2288071,239046,0.0,11,-2406.0,-2416.0,3375.0,3375.0
1329096,324257,0.0,32,-596.0,-603.0,7875.0,7875.0
2370162,196814,1.0,7,-1134.0,-1167.0,4693.32,4412.835
2142265,365729,0.0,78,-625.0,-625.0,454.995,454.995
1398660,226686,0.0,60,-1056.0,-1056.0,2250.0,2250.0
1865006,389352,1.0,22,-1478.0,-1469.0,8074.08,8045.325
1689427,271983,1.0,2,-522.0,-538.0,3939.975,3939.975
2273198,101780,0.0,21,-205.0,-224.0,166.365,166.365
1901656,182189,0.0,27,-685.0,-685.0,11857.68,11857.68
2009733,136777,1.0,6,-116.0,-123.0,14532.93,14532.93
2482775,155123,1.0,4,-1313.0,-1340.0,15423.48,798.525
1560229,216813,0.0,6,-2096.0,-2096.0,13888.53,13888.53
1643450,302769,1.0,3,-397.0,-417.0,5094.99,5094.99
1128872,357145,1.0,7,-2131.0,-2149.0,21490.56,8554.365
2262246,200605,1.0,1,-766.0,-781.0,28432.17,28432.17
2248413,335978,0.0,19,-2159.0,-2170.0,3375.0,3375.0
1050407,213082,1.0,16,-218.0,-229.0,12046.815,12046.815
1160318,168031,2.0,3,-929.0,-938.0,41756.625,41756.625
1029565,318130,1.0,5,-207.0,-211.0,14493.735,14493.735
1712089,233862,1.0,12,-5.0,-16.0,9707.265,9707.265
2701629,423685,2.0,9,-1677.0,-1691.0,8719.92,8719.92
2317222,282696,0.0,14,-2532.0,-2532.0,176.67,176.67
1016474,373644,3.0,2,-371.0,-372.0,24713.46,24713.46
1207447,240864,1.0,16,-758.0,-770.0,22680.045,22680.045
1430033,439939,1.0,7,-468.0,-483.0,4859.55,4859.55
2178138,118018,1.0,2,-2010.0,-2034.0,3572.37,3572.37
2824497,442953,2.0,15,-1060.0,-1088.0,24508.755,24508.755
2394346,302023,2.0,6,-238.0,-264.0,1129387.545,1129387.545
1931900,257966,1.0,12,-232.0,-260.0,11189.52,812.52
2592869,283783,0.0,7,-541.0,-549.0,2250.0,2250.0
1536773,217003,1.0,5,-1229.0,-1248.0,16330.815,16330.815
1054698,338981,0.0,74,-1018.0,-1018.0,4500.0,4500.0
1621617,419645,1.0,8,-1488.0,-1495.0,9191.88,9191.88
1919769,148329,3.0,102,-626.0,-617.0,313.785,313.785
1724184,251769,1.0,5,-212.0,-221.0,9504.0,18225.0
1256905,425748,1.0,5,-2417.0,-2417.0,4968.405,4968.405
2752785,178048,1.0,4,-2306.0,-2304.0,19353.6,19159.02
1793503,276711,1.0,6,-2707.0,-2707.0,10071.0,10071.0
1562514,237368,1.0,3,-666.0,-710.0,9226.8,9226.8
2608557,207372,1.0,7,-1071.0,-1108.0,42814.44,42814.44
1487842,315335,0.0,18,-204.0,-204.0,45.18,45.18
1923174,350708,3.0,11,-664.0,-668.0,29592.315,29592.315
1332549,273622,1.0,5,-1815.0,-1820.0,6057.27,6057.27
2139990,269054,1.0,9,-1592.0,-1625.0,3588.795,3588.795
2609038,255438,2.0,14,-1309.0,-1332.0,15330.6,15330.6
1159426,151866,0.0,38,-478.0,-478.0,407.7,407.7
1932487,109983,0.0,25,-11.0,-11.0,1578.735,1578.735
1113426,198829,2.0,12,-1008.0,-1011.0,20873.79,20873.79
1133616,276028,1.0,5,-2696.0,-2696.0,5628.42,5628.42
1585109,447021,0.0,74,-1558.0,-1558.0,1125.0,1125.0
2747687,350237,1.0,9,-1759.0,-1774.0,4246.56,4246.56
1310408,114806,0.0,88,-11.0,-11.0,65.43,65.43
1355493,109770,1.0,6,-786.0,-796.0,6243.93,6243.93
2162747,421952,1.0,8,-15.0,-24.0,6966.315,6966.315
2076466,218706,1.0,10,-741.0,-774.0,47846.25,47846.25
1651830,296597,1.0,9,-291.0,-298.0,7874.82,7874.82
1746970,286023,3.0,18,-447.0,-621.0,26190.0,26190.0
1424125,238047,1.0,4,-2481.0,-2535.0,26465.445,26465.445
1436466,367100,0.0,48,-401.0,-408.0,22347.81,22347.81
2397630,430755,1.0,3,-1645.0,-1659.0,4355.91,4355.91
2214426,177853,1.0,5,-761.0,-762.0,4021.56,4021.56
1218097,369853,0.0,29,-1633.0,-1633.0,267.66,267.66
1624957,131630,0.0,79,-962.0,-973.0,4500.0,4500.0
1574793,452238,1.0,1,-664.0,-662.0,11516.67,11032.11
2571020,385682,1.0,7,-781.0,-786.0,34774.47,34774.47
2416020,325280,0.0,33,-51.0,-51.0,1501.335,1501.335
2275228,193676,2.0,9,-666.0,-668.0,43160.31,43160.31
1619836,306850,2.0,8,-1250.0,-1250.0,111904.875,111904.875
1516850,267984,1.0,7,-1634.0,-1643.0,4014.135,4014.135
1255504,284381,0.0,8,-49.0,-49.0,9.765,9.765
2556829,214589,1.0,10,-1396.0,-1412.0,7732.845,7732.845
1486386,207625,1.0,37,-1445.0,-1452.0,8318.7,8318.7
1697867,244022,0.0,25,-2230.0,-2247.0,4500.0,4500.0
1257524,434669,1.0,10,-733.0,-739.0,45495.81,45495.81
2729991,138172,1.0,9,-2229.0,-2235.0,5193.72,5193.72
2452460,416397,1.0,12,-688.0,-691.0,13356.765,13356.765
1209101,329171,1.0,3,-1013.0,-1019.0,36691.47,36691.47
1919265,210628,1.0,19,-521.0,-521.0,49800.285,49800.285
1411163,420886,0.0,101,-54.0,-54.0,951.03,951.03
1499153,324265,1.0,2,-149.0,-164.0,22904.28,22904.28
1337257,296280,1.0,6,-1247.0,-1245.0,13286.295,13268.07
1165255,121269,1.0,2,-1024.0,-1038.0,7951.5,7951.5
2222001,274468,1.0,2,-396.0,-416.0,9129.465,9129.465
2768485,265634,0.0,97,-1092.0,-1092.0,345.915,345.915
2517274,180930,0.0,9,-440.0,-437.0,20511.045,20511.045
2142466,100421,9.0,108,-507.0,-502.0,1350.0,1350.0
1181272,112231,0.0,66,-1815.0,-1815.0,1125.0,1125.0
2427562,384293,1.0,6,-38.0,-47.0,5167.395,5167.395
2437109,310529,0.0,37,-2242.0,-2242.0,436.23,436.23
2411150,252892,0.0,4,-120.0,-121.0,2250.0,2250.0
1613912,109889,1.0,6,-1204.0,-1208.0,9942.075,9942.075
1034826,365151,1.0,7,-1151.0,-1150.0,6199.605,6199.605
1370078,426784,1.0,3,-2436.0,-2436.0,8626.14,8626.14
2697704,296082,2.0,13,-162.0,-162.0,93530.025,123300.0
1134122,447598,0.0,1,-49.0,-49.0,2345.85,2345.85
1054628,389034,0.0,6,-2598.0,-2609.0,6750.0,6750.0
2385882,357255,0.0,8,-9.0,-9.0,2510.055,2510.055
1012240,387336,1.0,9,-301.0,-307.0,13302.315,13302.315
2130721,327021,0.0,145,-23.0,-39.0,4500.0,4500.0
2564352,324912,1.0,5,-1290.0,-1320.0,13344.975,8.1
1057141,398473,0.0,120,-478.0,-478.0,1972.62,1972.62
1845846,373575,1.0,4,-2072.0,-2068.0,28676.655,28672.11
1523053,163163,0.0,30,-1724.0,-1724.0,168750.0,168750.0
1307961,198471,0.0,58,-1736.0,-1750.0,4500.0,4500.0
1953875,328555,1.0,8,-1297.0,-1300.0,3644.55,3644.55
1223511,306019,1.0,12,-470.0,-474.0,41893.605,41893.605
2460123,239752,1.0,6,-1368.0,-1371.0,3032.685,3032.685
2174755,213791,1.0,3,-1845.0,-1848.0,13032.495,13032.495
2000249,175428,0.0,11,-32.0,-32.0,471.555,471.555
1683522,440902,1.0,1,-905.0,-917.0,14593.77,14593.77
2588096,265304,1.0,4,-1564.0,-1582.0,9257.04,9257.04
1045519,362003,0.0,11,-97.0,-99.0,3208.68,3208.68
1191524,184992,1.0,4,-871.0,-887.0,12671.28,12671.28
1954025,127665,0.0,7,-254.0,-267.0,12900.735,12900.735
2657935,263539,0.0,27,-1574.0,-1593.0,9000.0,9000.0
2416481,102641,1.0,7,-645.0,-673.0,74168.73,294.165
1295601,301963,1.0,1,-2039.0,-2048.0,25697.61,25697.61
1290212,179174,1.0,2,-747.0,-757.0,12413.565,12413.565
1751322,228112,1.0,4,-930.0,-940.0,3750.165,3750.165
1333266,256205,0.0,36,-374.0,-387.0,6140.79,6140.79
1413867,232435,0.0,111,-326.0,-326.0,164.43,164.43
2354959,444277,1.0,5,-1529.0,-1538.0,6056.73,6056.73
1719482,379123,1.0,5,-822.0,-826.0,43137.0,43137.0
1671485,202628,0.0,23,-1806.0,-1834.0,3375.0,2700.0
2438240,250930,1.0,5,-1536.0,-1551.0,11366.685,11362.5
1363529,283055,1.0,11,-2287.0,-2287.0,7613.55,7613.55
2018339,165925,0.0,117,-231.0,-231.0,2344.23,2344.23
2480514,438475,1.0,4,-1101.0,-1129.0,35596.71,1209.87
1952061,294214,1.0,2,-1460.0,-1471.0,10849.86,10849.86
1532208,339422,3.0,4,-135.0,-188.0,13548.465,13548.465
1326507,301743,1.0,1,-580.0,-610.0,40002.975,40002.975
1787370,385743,1.0,2,-1674.0,-1675.0,8546.31,8546.31
2192261,425891,0.0,30,-1956.0,-1955.0,9000.0,9000.0
1390501,128946,1.0,3,-2227.0,-2233.0,12402.18,12402.18
2032157,240571,0.0,1,-1033.0,-1033.0,11959.335,11959.335
1251037,138224,0.0,32,-402.0,-402.0,420.525,420.525
2439821,413048,0.0,13,-2453.0,-2453.0,1125.0,1125.0
2016195,207138,1.0,1,-375.0,-395.0,26130.6,26130.6
2825004,306572,1.0,1,-1538.0,-1542.0,21518.235,21518.235
2094801,454551,0.0,12,-2001.0,-2016.0,2250.0,2250.0
2638613,265740,0.0,20,-1728.0,-1728.0,5850.0,5850.0
1307421,378751,1.0,5,-232.0,-233.0,7871.355,7871.355
1476533,212837,1.0,3,-657.0,-658.0,14072.445,14072.445
1259495,206439,8.0,15,-666.0,-665.0,5532.705,5532.705
1462787,167290,1.0,2,-978.0,-993.0,6825.645,6825.645
1223276,398573,1.0,1,-1364.0,-1381.0,26038.17,26038.17
1676854,313761,2.0,11,-148.0,-156.0,33897.69,33897.69
1572532,206031,1.0,4,-1454.0,-1480.0,4788.63,4788.63
2242470,268862,1.0,3,-1183.0,-1273.0,9951.345,9951.345
2225283,137771,0.0,41,-2568.0,-2568.0,1350.0,1350.0
2141364,243825,0.0,68,-2195.0,-2195.0,765.0,765.0
2760587,377176,0.0,76,-1447.0,-1463.0,5625.0,5625.0
2199745,101392,1.0,8,-400.0,-414.0,9568.35,9568.35
1792662,296763,1.0,7,-664.0,-683.0,6968.295,6968.295
1975070,106064,0.0,88,-574.0,-603.0,166.185,166.185
2154748,286882,1.0,8,-1224.0,-1248.0,3369.15,3369.15
2353850,150087,2.0,1,-17.0,-33.0,144967.995,144967.995
1898339,186299,1.0,2,-216.0,-262.0,12074.31,75.69
2256089,387371,1.0,5,-1666.0,-1679.0,3750.615,3750.615
2487570,262877,1.0,6,-2571.0,-2571.0,4316.76,4316.76
2229804,189278,1.0,21,-2109.0,-2110.0,3952.845,3952.845
1974274,295474,1.0,2,-790.0,-792.0,64091.25,64091.25
2207990,198902,1.0,4,-2163.0,-2154.0,15001.02,14864.535
2390625,227405,1.0,4,-2095.0,-2098.0,5507.91,5507.91
1907136,134804,1.0,2,-1178.0,-1182.0,30741.39,30741.39
2090601,395756,0.0,50,-1132.0,-1132.0,174.15,174.15
1697742,385972,2.0,1,-316.0,-317.0,600485.85,630000.0
2524468,256197,1.0,9,-1171.0,-1200.0,14619.015,14619.015
2105230,239144,1.0,6,-2710.0,-2721.0,4307.175,4307.175
1359528,225093,1.0,3,-2414.0,-2424.0,5478.525,5478.525
1414647,361588,1.0,2,-2829.0,-2829.0,1928.565,1928.565
2073793,430591,1.0,1,-443.0,-470.0,13179.69,13179.69
2083083,353743,0.0,39,-1177.0,-1177.0,315.45,315.45
1364642,142515,1.0,1,-1062.0,-1070.0,3982.185,3982.185
1531294,305006,0.0,27,-1844.0,-1855.0,7875.0,7875.0
1224584,273821,1.0,6,-118.0,-125.0,11620.35,11620.35
2788862,268181,0.0,100,-109.0,-109.0,6910.92,6910.92
1159320,310844,1.0,7,-2318.0,-2333.0,3660.615,3660.615
1032730,379602,0.0,40,-1077.0,-1087.0,5625.0,5625.0
1150405,424723,0.0,43,-2104.0,-2116.0,3375.0,3375.0
2830938,199871,0.0,103,-833.0,-849.0,4500.0,4500.0
2842274,263948,1.0,2,-714.0,-713.0,35576.955,35576.955
1544990,442416,1.0,20,-895.0,-898.0,7963.155,7963.155
2226207,382866,1.0,5,-516.0,-529.0,3570.255,3570.255
1162727,210385,1.0,9,-1482.0,-1516.0,6998.625,6998.625
2528370,278624,1.0,1,-197.0,-198.0,13282.2,13282.2
2119826,442584,1.0,10,-2441.0,-2441.0,14769.45,14769.45
1817180,192542,1.0,2,-645.0,-664.0,7275.78,7275.78
1732861,344023,1.0,10,-2885.0,-2891.0,5207.58,5207.58
1647632,247324,0.0,20,-2256.0,-2261.0,6750.0,6750.0
1802536,353703,0.0,68,-1061.0,-1053.0,4500.0,4500.0
1545188,233029,0.0,3,-1118.0,-1131.0,3150.0,3150.0
1593354,354426,1.0,1,-373.0,-403.0,41989.77,904500.0
1392409,219636,2.0,18,-59.0,-60.0,47109.555,47109.555
2801078,267440,1.0,12,-581.0,-585.0,33089.31,33089.31
1979048,288261,1.0,5,-578.0,-590.0,66752.235,66752.235
2436547,173846,1.0,3,-375.0,-378.0,9117.54,9117.54
2360265,413559,1.0,4,-434.0,-445.0,6179.04,6179.04
1818553,438947,1.0,5,-2253.0,-2249.0,8591.58,8580.645
2259746,340895,1.0,11,-1829.0,-1829.0,5855.94,5855.94
1574150,122565,1.0,8,-940.0,-944.0,4421.925,4421.925
2094725,294859,1.0,3,-210.0,-217.0,4679.28,4679.28
2596321,148872,1.0,1,-861.0,-891.0,35948.295,2.295
1186894,184466,1.0,12,-830.0,-828.0,4826.745,4628.61
2329113,235465,0.0,14,-2735.0,-2741.0,5625.0,5625.0
1464538,303868,1.0,2,-1136.0,-1147.0,5677.785,5677.785
1088435,300001,1.0,9,-594.0,-596.0,21709.125,21709.125
1765951,111520,1.0,1,-2211.0,-2219.0,1981.845,1981.845
2194555,265714,1.0,1,-421.0,-426.0,29514.15,180000.0
2003262,268288,1.0,6,-1364.0,-1362.0,18508.14,18506.34
1469601,155490,1.0,3,-2375.0,-2346.0,9377.865,39.375
1661186,179847,0.0,20,-93.0,-105.0,5771.205,5771.205
2585999,236579,1.0,1,-2567.0,-2569.0,11080.125,11080.125
2763414,218998,1.0,16,-562.0,-580.0,25992.54,25992.54
2209963,265408,1.0,2,-1646.0,-1645.0,7357.095,7357.095
1635228,390860,1.0,4,-769.0,-777.0,41585.625,41585.625
2482915,336317,1.0,4,-1411.0,-1413.0,28884.915,28884.915
1188778,128168,0.0,43,-2341.0,-2348.0,10800.0,10800.0
2742003,391394,1.0,14,-1109.0,-1126.0,3914.685,3914.685
1609443,375383,1.0,10,-340.0,-357.0,3665.835,3665.835
2503984,176064,1.0,11,-1010.0,-1006.0,17907.75,17894.25
1937657,188257,0.0,45,-507.0,-507.0,300.285,300.285
1067329,371252,1.0,4,-569.0,-572.0,7546.41,7546.41
1056999,423975,1.0,13,-177.0,-178.0,12185.37,12185.37
2629783,416745,0.0,2,-449.0,-449.0,171.09,171.09
1846033,253696,0.0,8,-605.0,-605.0,3598.38,3598.38
2387584,356678,1.0,2,-2186.0,-2191.0,8502.57,8502.57
1061965,169387,1.0,15,-2423.0,-2422.0,7083.675,7019.325
1871220,379116,1.0,3,-1666.0,-1675.0,3917.025,3917.025
1777790,149079,1.0,19,-1402.0,-1405.0,11120.715,11120.715
2707442,271805,0.0,26,-2383.0,-2383.0,3375.0,3375.0
1591685,323701,0.0,15,-2388.0,-2388.0,76500.0,76500.0
1994922,378200,9.0,9,-344.0,-345.0,13803.75,13803.75
1956416,120491,0.0,1,-971.0,-987.0,3520.755,3520.755
2800244,330213,1.0,2,-2902.0,-2902.0,3480.525,3480.525
1705291,191763,2.0,18,-111.0,-127.0,16423.65,16423.65
2283699,207297,1.0,1,-734.0,-742.0,9168.075,9168.075
1937245,105816,1.0,9,-1087.0,-1125.0,11438.73,11438.73
1370182,259730,0.0,12,-284.0,-298.0,8832.645,8832.645
1646626,144504,1.0,4,-2274.0,-2310.0,20409.885,20409.885
1226318,289645,4.0,9,-5.0,-33.0,32244.12,32244.12
1239865,308537,3.0,4,-541.0,-570.0,5691.465,63000.0
1338692,417179,1.0,7,-375.0,-380.0,6570.945,6570.945
2586640,245182,0.0,91,-86.0,-105.0,9000.0,9000.0
2168415,391111,1.0,6,-2419.0,-2428.0,5716.755,5716.755
2060184,108694,1.0,1,-1181.0,-1197.0,11608.74,11608.74
1653404,119241,1.0,2,-771.0,-789.0,26449.155,26449.155
2630866,400453,1.0,4,-158.0,-202.0,6264.0,6264.0
1640708,331905,0.0,113,-259.0,-263.0,6184.845,6184.845
2821136,455596,1.0,5,-44.0,-53.0,11153.79,11153.79
2409591,123014,1.0,7,-1278.0,-1307.0,1527.21,1527.21
1324302,240675,1.0,3,-2845.0,-2856.0,3059.865,3059.865
1409480,232977,1.0,4,-2638.0,-2638.0,1646.82,1646.82
1726724,266376,1.0,4,-1253.0,-1316.0,3405.375,3405.375
1836835,213157,1.0,20,-555.0,-584.0,25371.315,1866.015
2408142,100080,1.0,3,-299.0,-299.0,31778.73,31778.73
2429032,235978,1.0,3,-1799.0,-1810.0,9383.265,9383.265
2594608,312832,1.0,2,-211.0,-255.0,13551.255,13551.255
2313990,387650,0.0,41,-1392.0,-1392.0,1182.78,1182.78
2472957,361782,1.0,4,-258.0,-270.0,25501.815,25501.815
2657365,448232,4.0,2,-22.0,-29.0,4535.91,13500.0
1830988,336499,0.0,23,-79.0,-86.0,5271.975,5271.975
1539590,110836,1.0,3,-1105.0,-1117.0,3884.715,3884.715
1609450,358049,0.0,2,-2614.0,-2614.0,6525.0,6525.0
2510518,169508,0.0,14,-204.0,-204.0,3.195,3.195
1183321,240355,2.0,22,-266.0,-268.0,8180.82,8180.82
2140908,119984,1.0,4,-1202.0,-1230.0,12725.1,12725.1
1235896,111387,0.0,43,-2103.0,-2103.0,57.915,57.915
1130751,308173,1.0,3,-300.0,-306.0,6007.005,6007.005
1056799,201307,1.0,8,-2165.0,-2168.0,5227.695,5227.695
1523938,268448,0.0,9,-1911.0,-1924.0,5625.0,5625.0
1535512,300796,1.0,1,-954.0,-969.0,17546.22,17546.22
2085422,219738,0.0,5,-2771.0,-2785.0,3375.0,3375.0
1136220,106006,1.0,9,-2305.0,-2313.0,19658.385,19658.385
2507885,198293,0.0,28,-226.0,-226.0,24595.02,24595.02
1643687,308731,2.0,3,-817.0,-833.0,8541.99,8541.99
2613582,249078,0.0,10,-2831.0,-2843.0,5400.0,5400.0
2778383,348048,0.0,93,-953.0,-953.0,51.39,51.39
2414438,346970,1.0,8,-617.0,-648.0,14791.005,14791.005
1575519,140946,1.0,9,-1991.0,-1994.0,8064.0,8064.0
1062210,260357,1.0,8,-2706.0,-2706.0,7874.235,7874.235
1396032,448079,1.0,6,-327.0,-336.0,10890.0,10890.0
2435823,306967,1.0,2,-2703.0,-2708.0,8441.415,8441.415
1155665,142525,1.0,1,-1399.0,-1421.0,7537.68,7537.68
1095754,453783,2.0,13,-178.0,-201.0,519004.575,519004.575
1568799,453251,1.0,20,-964.0,-967.0,7981.92,7981.92
2120294,266135,1.0,4,-549.0,-550.0,14320.53,14320.53
2536116,147832,0.0,71,-1435.0,-1435.0,221.22,221.22
2512026,362800,2.0,16,-344.0,-349.0,11431.8,11431.8
2691464,335081,1.0,41,-263.0,-271.0,26130.6,26130.6
1613616,268642,1.0,6,-1692.0,-1718.0,7088.76,614.7
2085823,376983,1.0,21,-659.0,-691.0,12054.87,1902.6
1641955,422997,1.0,3,-209.0,-213.0,28446.975,28446.975
2613374,150432,1.0,2,-741.0,-742.0,17582.625,17582.625
1682168,350396,1.0,3,-371.0,-426.0,6199.965,6199.965
1653199,196933,0.0,67,-1483.0,-1483.0,676.17,676.17
1574896,241701,1.0,10,-58.0,-67.0,14564.25,14564.25
1079953,250280,1.0,11,-319.0,-306.0,3365.64,3332.115
2502960,202534,1.0,1,-648.0,-658.0,25996.365,25996.365
1870626,213027,2.0,8,-677.0,-677.0,498962.43,498962.43
2583611,212375,0.0,7,-1039.0,-1039.0,2544.255,2544.255
1480768,395606,1.0,19,-1067.0,-1071.0,11206.485,11206.485
1045777,315536,0.0,6,-891.0,-891.0,10733.85,10733.85
1049813,327307,0.0,11,-240.0,-244.0,2328.795,2328.795
1846506,266857,1.0,3,-338.0,-380.0,9259.965,9259.965
1964351,410246,1.0,9,-931.0,-922.0,16075.08,15781.14
1721802,182835,0.0,39,-1849.0,-1849.0,444.375,444.375
1249487,239563,0.0,13,-88.0,-88.0,837.18,837.18
2320566,229798,1.0,5,-305.0,-318.0,28163.43,28163.43
1866244,368243,1.0,6,-1912.0,-1920.0,3798.0,105.885
2631384,456255,3.0,22,-126.0,-160.0,27489.69,457.875
2228953,433043,0.0,86,-306.0,-306.0,409.005,409.005
2660926,418256,2.0,5,-902.0,-909.0,8587.665,8587.665
1206813,138637,1.0,5,-698.0,-748.0,7343.28,7343.28
2382373,306086,0.0,12,-26.0,-26.0,109.575,109.575
1689038,239197,1.0,11,-1431.0,-1432.0,14856.525,14856.525
1233135,173095,1.0,9,-2336.0,-2336.0,4669.11,4669.11
2254262,197304,0.0,31,-1905.0,-1914.0,9000.0,9000.0
1251631,286766,0.0,71,-1372.0,-1376.0,6750.0,6750.0
2220540,383992,1.0,6,-960.0,-970.0,16597.755,16597.755
1309591,393355,1.0,10,-388.0,-388.0,26197.47,26197.47
2058767,260769,0.0,98,-1283.0,-1283.0,1125.0,1125.0
2306390,384288,1.0,7,-618.0,-617.0,16789.68,16789.68
1158863,185655,2.0,4,-1266.0,-1265.0,32515.155,32515.155
1476541,301119,0.0,16,-2607.0,-2611.0,3375.0,3375.0
1326439,407213,0.0,25,-2274.0,-2274.0,607.41,607.41
1481588,450390,1.0,6,-1746.0,-1753.0,14796.9,14796.9
1361706,360986,1.0,1,-877.0,-879.0,39679.29,39679.29
1301590,384084,0.0,53,-248.0,-266.0,15095.205,14625.0
1268097,259640,1.0,10,-790.0,-795.0,54970.065,54970.065
2004141,142876,1.0,4,-436.0,-434.0,11688.57,11654.28
1259704,184650,1.0,2,-2518.0,-2524.0,8058.24,8058.24
2566604,125017,1.0,24,-2000.0,-1997.0,8661.825,8635.545
1137463,127137,1.0,2,-886.0,-896.0,19538.19,19538.19
1343607,186430,1.0,8,-678.0,-673.0,15485.94,15284.52
2383277,160458,1.0,17,-1057.0,-1085.0,47103.75,4.005
2295309,344227,1.0,1,-1492.0,-1501.0,5475.375,5475.375
1692459,205006,1.0,15,-601.0,-619.0,16689.24,16689.24
1907687,104607,1.0,10,-775.0,-774.0,14214.285,14214.285
2722935,328832,1.0,13,-1388.0,-1394.0,14827.635,14827.635
2287203,187685,1.0,18,-1054.0,-1071.0,2416.725,2416.725
1001960,451305,0.0,93,-1216.0,-1216.0,135.72,135.72
2242925,343146,0.0,9,-74.0,-74.0,250.92,250.92
2340948,255671,1.0,5,-2189.0,-2204.0,3250.665,3250.665
1444575,189423,1.0,5,-1626.0,-1626.0,2316.915,2316.915
2532374,446017,1.0,3,-1067.0,-1071.0,32252.58,32252.58
1760863,453875,1.0,9,-1865.0,-1888.0,13137.435,13137.435
2594346,336127,1.0,9,-1199.0,-1235.0,2743.2,2743.2
2065574,118422,0.0,71,-618.0,-618.0,13500.0,13500.0
2476302,397509,0.0,7,-123.0,-126.0,30189.195,30189.195
2765933,228883,2.0,2,-789.0,-793.0,25016.445,25016.445
1011881,368966,1.0,5,-991.0,-995.0,19303.155,19303.155
1171700,155632,1.0,2,-1628.0,-1635.0,2993.805,2993.805
2172789,256423,0.0,12,-2211.0,-2211.0,5400.0,5400.0
2186822,265168,0.0,33,-2167.0,-2177.0,10800.0,10800.0
1800086,123547,1.0,6,-782.0,-803.0,10066.05,10066.05
2651092,383806,1.0,20,-306.0,-311.0,40389.03,40389.03
2235737,333640,1.0,4,-54.0,-55.0,12118.095,12118.095
2836493,221522,0.0,46,-2180.0,-2189.0,5400.0,5400.0
1258112,298578,0.0,86,-389.0,-389.0,15.66,15.66
2272480,268231,1.0,4,-1448.0,-1471.0,8601.435,8601.435
1907110,186545,0.0,102,-1007.0,-1019.0,3375.0,3375.0
1230607,343232,1.0,13,-1554.0,-1562.0,30331.035,30331.035
2257619,449055,1.0,7,-97.0,-109.0,21656.475,21656.475
2045671,432003,6.0,4,-257.0,-261.0,135083.79,180000.0
1362476,178732,0.0,9,-2078.0,-2096.0,6750.0,6750.0
2168407,318489,2.0,6,-378.0,-391.0,10217.16,21673.8
1717467,412139,1.0,3,-1594.0,-1684.0,6307.875,6307.875
1100799,385370,1.0,5,-1221.0,-1235.0,30735.36,30735.36
1962603,148506,1.0,4,-1868.0,-1875.0,6235.515,6235.515
1350752,341739,0.0,67,-1208.0,-1208.0,549.72,549.72
2638601,289955,1.0,6,-428.0,-488.0,7195.05,7195.05
1983863,149104,1.0,3,-2400.0,-2400.0,13776.21,13776.21
1205156,414873,1.0,1,-554.0,-569.0,5929.29,5929.29
2767892,356265,1.0,13,-1308.0,-1407.0,3051.765,3051.765
2354721,130441,0.0,20,-362.0,-362.0,382.32,382.32
1233167,206436,0.0,89,-1321.0,-1321.0,1.26,1.26
2790311,443984,1.0,3,-1646.0,-1711.0,2933.505,2933.505
1955691,309713,1.0,18,-758.0,-759.0,12086.685,12086.685
2482241,175538,1.0,4,-394.0,-399.0,9989.19,9989.19
2465551,258777,1.0,19,-796.0,-801.0,31014.765,31014.765
2783725,355708,1.0,5,-2687.0,-2725.0,16406.55,16406.55
2309172,399009,1.0,13,-1508.0,-1534.0,12734.19,12734.19
2618069,103653,0.0,28,-721.0,-721.0,8560.035,8560.035
1439723,446783,1.0,18,-398.0,-397.0,24750.0,24750.0
1468194,291589,1.0,20,-536.0,-542.0,34110.0,34110.0
1717657,174724,0.0,37,-2383.0,-2383.0,1125.0,1125.0
1701761,349534,1.0,13,-372.0,-390.0,44131.095,44131.095
1011797,231618,1.0,12,-1097.0,-1100.0,4710.96,4710.96
2738092,243265,1.0,4,-886.0,-929.0,5061.015,5061.015
2672471,228277,1.0,2,-663.0,-672.0,12292.65,12292.65
1315175,201581,1.0,8,-2307.0,-2312.0,2685.15,2194.155
2598680,236585,1.0,1,-534.0,-534.0,33386.04,371997.0
2703426,378257,1.0,4,-2368.0,-2378.0,3876.75,3876.75
1229530,293083,1.0,2,-761.0,-769.0,27391.005,27391.005
2578317,417303,1.0,1,-655.0,-661.0,52483.32,52483.32
2037444,193634,0.0,37,-1840.0,-1840.0,14862.825,14862.825
2805015,438321,1.0,5,-1201.0,-1247.0,62091.135,62091.135
1146886,378004,1.0,14,-763.0,-801.0,14368.725,14368.725
1411269,374088,2.0,17,-164.0,-173.0,159395.355,159395.355
2666179,171073,1.0,1,-191.0,-201.0,18260.595,18260.595
2253877,218869,0.0,8,-518.0,-518.0,1119.555,1119.555
1498544,301385,0.0,76,-1498.0,-1498.0,145.035,145.035
2813938,151824,1.0,2,-2486.0,-2483.0,26945.505,26945.505
2768506,272516,1.0,5,-8.0,-6.0,47914.56,128.07
2736601,355436,1.0,4,-2434.0,-2441.0,12727.62,12727.62
1845812,319668,1.0,9,-715.0,-717.0,13817.88,13817.88
2789626,327281,1.0,2,-787.0,-797.0,5405.22,5405.22
2696474,387582,1.0,1,-203.0,-215.0,17080.38,17080.38
2066228,250361,1.0,5,-2538.0,-2513.0,10563.66,147.465
2599796,238060,1.0,10,-1904.0,-1926.0,11687.355,11687.355
2788015,448291,1.0,8,-602.0,-604.0,32327.64,32327.64
1212797,359311,1.0,8,-686.0,-694.0,9005.805,9005.805
1480928,194666,1.0,24,-902.0,-905.0,4320.63,4320.63
2764362,282684,1.0,2,-102.0,-114.0,34402.815,34402.815
1163871,373782,1.0,8,-551.0,-556.0,14795.82,14795.82
1766344,254651,0.0,37,-2273.0,-2282.0,2577.195,869.355
1969686,362087,1.0,3,-746.0,-782.0,21086.46,21086.46
2571381,455575,1.0,1,-527.0,-530.0,6746.13,6746.13
1055155,281192,0.0,54,-1824.0,-1824.0,155.115,155.115
2700483,165591,1.0,4,-237.0,-279.0,12256.02,12256.02
2123380,303083,1.0,12,-1061.0,-1065.0,30066.57,30066.57
2149426,154330,0.0,78,-869.0,-869.0,879.75,879.75
2800182,411773,1.0,2,-1087.0,-1127.0,3998.205,3998.205
1639919,324033,2.0,6,-270.0,-277.0,46215.63,81000.0
2783495,397988,0.0,29,-1359.0,-1362.0,9000.0,9000.0
1172309,393598,1.0,2,-271.0,-272.0,29164.14,29164.14
2842912,330267,0.0,43,-477.0,-479.0,22500.0,18945.0
1672883,315017,1.0,1,-180.0,-191.0,11359.755,11359.755
1641349,295591,0.0,2,-193.0,-193.0,26523.0,26523.0
2082993,406879,1.0,2,-701.0,-718.0,10378.08,10378.08
1596235,183377,0.0,10,-2491.0,-2491.0,450.0,450.0
2050481,397086,0.0,29,-244.0,-244.0,23407.785,23407.785
2820441,223754,0.0,63,-2176.0,-2202.0,8100.0,8100.0
1214778,158665,1.0,2,-2129.0,-2147.0,8521.2,8521.2
1141777,454806,1.0,17,-236.0,-413.0,22048.29,22048.29
2675605,261291,0.0,46,-912.0,-912.0,96.3,96.3
1134563,264944,1.0,8,-1130.0,-1132.0,13473.045,13473.045
2445963,389884,0.0,69,-787.0,-787.0,1715.94,1715.94
1911570,374975,1.0,1,-878.0,-893.0,12596.535,12596.535
1025648,301293,0.0,141,-427.0,-427.0,1.98,1.98
1365258,104274,1.0,1,-2405.0,-2410.0,5583.06,5583.06
2098911,108060,1.0,10,-117.0,-132.0,6350.85,6350.85
1687823,229548,1.0,21,-943.0,-947.0,3847.95,3847.95
2041892,226065,0.0,13,-2031.0,-1996.0,9000.0,9000.0
2813006,368187,2.0,3,-370.0,-390.0,59043.915,59043.915
1484695,426858,1.0,2,-2634.0,-2645.0,9051.615,8164.26
1516736,108840,1.0,3,-63.0,-87.0,9194.085,9194.085
2463716,433518,0.0,71,-1446.0,-1446.0,685.035,685.035
2436563,102410,1.0,4,-10.0,-11.0,41791.185,41791.185
1376662,393412,1.0,2,-186.0,-197.0,29943.585,29943.585
1769744,180813,0.0,69,-1447.0,-1456.0,5625.0,5625.0
2282020,403655,4.0,103,-2240.0,-2219.0,1350.0,1350.0
1973757,118910,1.0,2,-49.0,-69.0,8629.065,8629.065
2633681,312663,0.0,122,-199.0,-199.0,10394.37,10394.37
1002227,422530,1.0,2,-556.0,-567.0,9229.275,9220.725
1238378,230937,1.0,4,-1966.0,-1973.0,22236.885,22236.885
2117936,195787,0.0,117,-713.0,-713.0,225.0,225.0
1666611,139766,0.0,76,-595.0,-595.0,129.69,129.69
1181180,330966,0.0,30,-2882.0,-2882.0,231.93,231.93
2413255,407267,1.0,19,-29.0,-55.0,5392.8,5392.8
2384029,438696,0.0,27,-1443.0,-1462.0,4500.0,4500.0
1717042,334602,0.0,16,-35.0,-35.0,182.835,182.835
2457853,412135,1.0,1,-2812.0,-2812.0,6614.1,6614.1
1655822,391948,2.0,1,-213.0,-217.0,57173.805,67500.0
2363619,170693,1.0,6,-878.0,-891.0,7983.99,7983.99
1026869,169649,0.0,79,-1762.0,-1762.0,629.37,629.37
1744450,360123,1.0,3,-2571.0,-2571.0,4506.705,4506.705
1839762,298196,3.0,102,-787.0,-718.0,1350.0,1057.905
2652544,176940,1.0,8,-626.0,-624.0,13267.8,13081.59
1129085,270153,0.0,45,-1000.0,-1000.0,157.41,157.41
2273501,146492,0.0,3,-1322.0,-1322.0,11250.0,9000.0
1653407,348471,1.0,12,-1182.0,-1183.0,9209.025,9209.025
2721384,351620,1.0,15,-37.0,-42.0,8575.92,8575.92
1705298,157803,2.0,4,-456.0,-476.0,72770.985,72770.985
1548330,325900,0.0,29,-2620.0,-2630.0,8100.0,8100.0
2014538,380906,0.0,28,-342.0,-342.0,2332.35,2332.35
1230223,381025,1.0,6,-235.0,-260.0,8430.795,8430.795
1214095,375346,1.0,4,-1809.0,-1858.0,5541.93,5541.93
1521983,125998,1.0,7,-932.0,-937.0,8116.875,8116.875
2259315,178181,2.0,8,-391.0,-410.0,27122.715,27122.715
1294594,208017,3.0,102,-717.0,-681.0,1350.0,1350.0
1029625,293381,0.0,58,-263.0,-263.0,1488.015,1488.015
1486561,190034,0.0,37,-1677.0,-1681.0,9000.0,9000.0
1615075,421306,0.0,8,-239.0,-239.0,883.44,883.44
2593175,266919,0.0,21,-2240.0,-2244.0,4500.0,4500.0
2817015,262026,1.0,1,-181.0,-200.0,6130.395,6130.395
1993734,194689,0.0,69,-1987.0,-1987.0,28350.0,28350.0
1185163,148324,1.0,1,-103.0,-128.0,11702.07,11702.07
1191521,136628,0.0,71,-1552.0,-1552.0,5.58,5.58
1480841,347578,1.0,2,-287.0,-302.0,6408.09,6408.09
1026145,230122,1.0,5,-1431.0,-1464.0,10527.975,10527.975
2281994,224250,1.0,5,-224.0,-267.0,3002.85,3002.85
1389860,151235,1.0,19,-466.0,-480.0,29543.31,29543.31
1561014,416757,1.0,3,-969.0,-1000.0,6006.915,6006.915
1381618,409034,1.0,5,-2456.0,-2458.0,3986.73,3986.73
2230248,393993,1.0,6,-634.0,-645.0,16513.605,16513.605
1006830,230268,1.0,6,-21.0,-22.0,9149.13,9149.13
2652774,370167,1.0,1,-1487.0,-1492.0,4916.205,4916.205
2341374,162168,0.0,67,-1511.0,-1512.0,4500.0,4500.0
1205705,103509,1.0,8,-509.0,-513.0,32449.635,32449.635
1745318,136133,1.0,9,-49.0,-59.0,7834.95,7834.95
1762645,127733,1.0,6,-281.0,-287.0,9290.61,27000.0
1799868,241121,4.0,2,-271.0,-274.0,18611.1,36000.0
1623256,370276,0.0,23,-37.0,-41.0,17615.43,17615.43
1666471,376994,1.0,2,-2197.0,-2204.0,12303.0,12303.0
2060123,154012,1.0,8,-1231.0,-1240.0,8216.82,8216.82
1289123,453815,0.0,2,-2611.0,-2633.0,5625.0,5625.0
1895423,180405,3.0,32,-241.0,-261.0,8709.615,7678.485
1973675,343799,1.0,10,-1777.0,-1761.0,9772.515,9769.095
1540436,446785,1.0,5,-157.0,-197.0,17902.575,17902.575
2101100,238222,0.0,65,-67.0,-69.0,22911.48,22911.48
2335585,253026,1.0,12,-1130.0,-1138.0,2931.84,2931.84
1570974,187710,1.0,3,-207.0,-229.0,4462.74,4462.74
1158088,304870,2.0,6,-522.0,-523.0,61296.165,61296.165
2510241,446825,1.0,12,-829.0,-833.0,7377.84,7377.84
1041682,308347,1.0,3,-132.0,-134.0,30051.0,79707.33
2200237,431779,1.0,18,-217.0,-216.0,7183.575,7183.575
2712174,167483,0.0,28,-50.0,-50.0,5.13,5.13
2069499,419743,0.0,7,-467.0,-468.0,10091.655,10091.655
2397939,155704,1.0,11,-1158.0,-1188.0,10125.315,24.75
1492295,347043,1.0,8,-1472.0,-1472.0,8900.685,8900.685
1374948,402296,1.0,5,-579.0,-593.0,40296.465,40296.465
2643371,321430,1.0,14,-2079.0,-2084.0,12441.51,12441.51
1077385,245861,1.0,12,-1726.0,-1737.0,16141.14,16141.14
2792184,375513,0.0,33,-2259.0,-2259.0,1125.0,1125.0
1756463,126932,1.0,17,-704.0,-711.0,21053.43,21053.43
1436481,199638,1.0,8,-1140.0,-1152.0,8193.15,8193.15
1932749,185356,1.0,6,-833.0,-835.0,44696.07,44696.07
2817177,258716,1.0,2,-2581.0,-2588.0,9413.055,9387.495
2584599,250054,2.0,5,-702.0,-711.0,218016.135,218016.135
1569604,124577,1.0,4,-367.0,-371.0,9830.34,9830.34
2111054,389446,1.0,10,-789.0,-789.0,11900.205,11900.205
1592338,210663,1.0,1,-2241.0,-2241.0,26945.505,26945.505
1656141,217360,19.0,19,-136.0,-154.0,44758.845,44758.845
2729645,146816,1.0,2,-2451.0,-2435.0,3876.3,89.1
1720155,439324,1.0,10,-1785.0,-548.0,3294.36,119.385
1761563,403904,0.0,155,-98.0,-98.0,507.96,507.96
2622020,222847,1.0,7,-526.0,-533.0,16432.425,16432.425
2597614,439950,0.0,39,-2455.0,-2455.0,5085.0,5085.0
2508732,345554,1.0,6,-2135.0,-2144.0,14611.545,14611.545
1419516,125484,0.0,30,-153.0,-153.0,346.995,346.995
2492554,324803,1.0,3,-1605.0,-1637.0,8204.13,8204.13
1531771,161759,1.0,5,-1572.0,-1582.0,15229.98,1870.11
1561367,288374,1.0,13,-260.0,-262.0,22197.825,22197.825
2287728,135519,0.0,1,-537.0,-537.0,5290.605,5290.605
2023064,335175,0.0,89,-1043.0,-1058.0,7875.0,7875.0
2444453,403262,1.0,9,-648.0,-668.0,5343.75,5343.75
2565366,162069,1.0,3,-2541.0,-2549.0,5494.545,5494.545
1642278,301813,1.0,3,-237.0,-253.0,13768.29,13768.29
1409965,103181,1.0,10,-2796.0,-2796.0,10104.21,10104.21
2459642,288122,1.0,1,-869.0,-890.0,5544.0,5544.0
2536104,115157,0.0,108,-77.0,-77.0,291.06,291.06
1179369,392814,0.0,76,-1374.0,-1396.0,3375.0,3375.0
2665339,411409,1.0,1,-652.0,-673.0,39319.155,39319.155
2353481,150382,1.0,5,-144.0,-145.0,12370.32,12370.32
1254677,246485,0.0,37,-1142.0,-1153.0,9000.0,9000.0
2184118,299217,0.0,17,-414.0,-414.0,6414.705,6414.705
1045929,226757,1.0,3,-1106.0,-1110.0,10907.775,10907.775
1942078,356269,1.0,6,-1246.0,-1246.0,12538.755,12538.755
1989557,326123,0.0,12,-2249.0,-2262.0,9000.0,9000.0
1745382,301781,2.0,21,-206.0,-208.0,18523.215,18523.215
1176544,300129,1.0,10,-719.0,-722.0,12797.91,12797.91
2580282,446743,1.0,22,-863.0,-870.0,39474.0,39474.0
2246249,173678,1.0,3,-400.0,-409.0,9733.905,9733.905
1012646,220066,1.0,21,-431.0,-447.0,22043.52,22043.52
2480445,218905,0.0,12,-86.0,-105.0,2250.0,2250.0
1406654,315492,1.0,1,-127.0,-129.0,24986.43,24986.43
1147255,120610,0.0,13,-248.0,-248.0,3.33,3.33
1599732,125815,1.0,8,-952.0,-970.0,6824.115,6824.115
1688253,327559,0.0,31,-1686.0,-1704.0,9000.0,9000.0
2248451,407521,0.0,63,-1227.0,-1227.0,1849.185,1849.185
1487563,451977,1.0,5,-1844.0,-1864.0,6952.095,6952.095
2761174,141795,1.0,1,-864.0,-894.0,8763.66,8763.66
2388815,233151,1.0,11,-2119.0,-2139.0,2123.1,2123.1
2632371,399887,1.0,3,-1237.0,-1297.0,2560.815,2560.815
1690469,370585,2.0,6,-391.0,-393.0,45864.36,45864.36
1840964,105746,0.0,3,-284.0,-284.0,2592.0,2592.0
1595130,196276,0.0,9,-454.0,-456.0,15008.4,15008.4
2426174,196168,1.0,16,-584.0,-596.0,13286.25,13286.25
2137746,130775,1.0,24,-614.0,-621.0,11551.32,11551.32
1575356,440581,1.0,14,-174.0,-198.0,22048.29,22048.29
1645549,260071,0.0,8,-2182.0,-2182.0,2250.0,2250.0
2114199,309043,0.0,47,-2211.0,-2211.0,209.835,209.835
1439409,223299,1.0,9,-369.0,-374.0,14150.205,14150.205
1472194,294303,0.0,91,-41.0,-41.0,171.81,171.81
1382084,243977,1.0,10,-235.0,-247.0,25692.48,25692.48
1077115,151314,1.0,1,-848.0,-849.0,31342.095,31342.095
1682073,312424,1.0,1,-2544.0,-2574.0,9624.555,9624.555
1531288,108984,0.0,70,-285.0,-285.0,133.695,133.695
1181213,178130,1.0,9,-1553.0,-1560.0,25783.92,25783.92
1061448,306732,0.0,74,-1687.0,-1687.0,106.2,106.2
1029579,120893,0.0,49,-212.0,-222.0,2433.33,2433.33
1358743,157190,0.0,2,-163.0,-163.0,275.625,275.625
1640602,237679,1.0,3,-422.0,-430.0,12646.035,12646.035
1082444,139912,0.0,14,-372.0,-372.0,0.225,0.225
2678944,368648,5.0,4,-299.0,-310.0,45988.2,54000.0
1011201,229100,0.0,9,-866.0,-866.0,4500.0,4500.0
2579737,197460,1.0,5,-1435.0,-1455.0,4261.905,4261.905
1613408,214916,0.0,14,-1861.0,-1859.0,9000.0,8730.0
2509517,175857,3.0,2,-278.0,-288.0,5921.775,5921.775
2345577,125799,1.0,1,-719.0,-738.0,3625.335,3625.335
1523884,393616,0.0,44,-1613.0,-1613.0,285.93,285.93
1726890,110142,1.0,2,-1940.0,-1965.0,3703.41,3703.41
2188637,284124,1.0,10,-327.0,-336.0,15451.38,15451.38
1417741,408506,3.0,7,-1259.0,-1266.0,14212.53,14212.53
2341398,389387,0.0,65,-1375.0,-1375.0,1125.0,1125.0
1864514,188652,1.0,11,-779.0,-772.0,5050.845,4709.295
1054693,138669,0.0,88,-816.0,-820.0,12375.0,12375.0
1568901,280496,1.0,11,-2047.0,-2054.0,5885.37,5885.37
1520679,413809,0.0,81,-1846.0,-1853.0,16200.0,9900.0
1256504,428696,1.0,7,-989.0,-1026.0,10580.085,10580.085
1614241,231720,1.0,4,-280.0,-277.0,7653.195,7212.78
2155183,321874,1.0,4,-791.0,-796.0,48325.86,48325.86
2126807,326517,1.0,9,-1783.0,-1783.0,5117.175,5117.175
2035066,404085,1.0,2,-825.0,-841.0,20969.19,20969.19
1767336,310469,1.0,3,-1516.0,-1556.0,5816.25,5816.25
2665791,298177,1.0,1,-1342.0,-1354.0,27928.845,27928.845
1252043,264057,0.0,52,-984.0,-984.0,9000.0,9000.0
1381375,339319,0.0,82,-1277.0,-1277.0,6750.0,6750.0
2052195,201824,0.0,65,-1017.0,-1044.0,6750.0,2250.0
1206195,169325,0.0,59,-1306.0,-1306.0,755.64,755.64
1679053,432174,0.0,23,-2414.0,-2411.0,9000.0,9000.0
1686850,423879,1.0,3,-2670.0,-2670.0,27778.32,27778.32
2186913,116027,0.0,3,-1238.0,-1238.0,4275.0,4275.0
2508789,249312,1.0,10,-1262.0,-1267.0,12909.105,12909.105
1041834,444664,1.0,3,-1152.0,-1165.0,11383.515,11383.515
1414324,385933,1.0,1,-2452.0,-2456.0,5349.96,5349.96
1184840,276013,0.0,13,-2522.0,-2522.0,5625.0,5625.0
1061480,100618,1.0,2,-1979.0,-2011.0,6107.265,6107.265
1681756,149398,1.0,2,-1103.0,-1106.0,15499.125,15499.125
1982798,109512,1.0,22,-1956.0,-1928.0,6538.23,30.06
2556469,448507,1.0,5,-1264.0,-1278.0,16924.32,16924.32
1557354,108262,0.0,154,-488.0,-499.0,6750.0,6750.0
2504933,160441,0.0,15,-2863.0,-2874.0,3375.0,3375.0
1181835,427024,1.0,8,-2551.0,-2629.0,6101.865,6101.865
1329728,225987,0.0,71,-1376.0,-1376.0,258.3,258.3
1375506,240778,0.0,115,-293.0,-293.0,4635.0,4635.0
2831552,125299,1.0,8,-936.0,-945.0,26476.38,26476.38
1717012,438496,1.0,24,-146.0,-174.0,19800.45,1098.045
1056622,220313,1.0,3,-1241.0,-1251.0,5038.2,5038.2
2372486,415171,0.0,19,-10.0,-10.0,3644.505,3644.505
1816716,333720,1.0,11,-69.0,-76.0,5590.935,5590.935
1751344,223043,0.0,68,-2165.0,-2194.0,940.815,940.815
1950793,277264,1.0,2,-1046.0,-1054.0,25076.34,25076.34
