SK_ID_PREV,SK_ID_CURR,MONTHS_BALANCE,CNT_INSTALMENT,CNT_INSTALMENT_FUTURE,NAME_CONTRACT_STATUS,SK_DPD,SK_DPD_DEF
1797603,301018,-4,24.0,19.0,Active,0,0
1532492,215922,-10,12.0,11.0,Active,0,0
2691550,158402,-54,12.0,7.0,Active,0,0
2642653,288677,-19,61.0,49.0,Active,0,0
1104228,423365,-55,12.0,1.0,Active,0,0
1901869,123682,-8,24.0,24.0,Active,0,0
2481714,243944,-24,24.0,23.0,Active,0,0
1442783,324383,-19,36.0,29.0,Active,0,0
2009824,122864,-12,24.0,13.0,Active,0,0
1676221,280647,-44,6.0,1.0,Active,0,0
1635202,166202,-79,4.0,0.0,Completed,0,0
2704887,240467,-5,24.0,17.0,Active,0,0
2191742,297616,-89,12.0,0.0,Active,336,0
2533259,257307,-88,9.0,6.0,Active,0,0
1207794,301907,-94,10.0,4.0,Active,0,0
2579927,154941,-40,8.0,7.0,Active,0,0
2497014,258788,-42,12.0,0.0,Completed,0,0
1811933,379880,-41,18.0,13.0,Active,0,0
1613834,187200,-28,12.0,3.0,Active,0,0
1179492,361056,-60,9.0,8.0,Active,0,0
1523573,129655,-3,12.0,2.0,Active,0,0
1798301,420756,-29,10.0,9.0,Active,0,0
2552054,334569,-16,24.0,23.0,Active,0,0
2522456,210278,-28,6.0,4.0,Active,0,0
2793188,440049,-44,18.0,2.0,Active,0,0
2328074,263503,-14,6.0,4.0,Active,0,0
2528438,438517,-10,24.0,0.0,Completed,0,0
2818015,297885,-12,24.0,15.0,Active,0,0
2803723,228572,-37,18.0,18.0,Active,0,0
2053326,215569,-23,12.0,2.0,Active,0,0
2049228,119544,-66,10.0,10.0,Active,0,0
2411946,161312,-25,12.0,12.0,Active,0,0
1294439,355005,-12,12.0,10.0,Active,0,0
1919184,420031,-38,24.0,12.0,Active,0,0
1984982,187658,-22,24.0,15.0,Active,0,0
1979075,227675,-1,48.0,36.0,Active,0,0
2486315,411372,-27,10.0,0.0,Completed,0,0
1451168,232767,-56,12.0,0.0,Completed,0,0
1334137,373155,-20,36.0,25.0,Active,0,0
1079442,339334,-18,10.0,10.0,Active,0,0
2598956,243119,-62,42.0,19.0,Active,0,0
2559530,139869,-7,12.0,0.0,Active,0,0
2263365,172237,-90,4.0,0.0,Active,0,0
2184500,218669,-35,14.0,7.0,Active,0,0
2664322,221234,-19,36.0,30.0,Active,0,0
1815388,286300,-13,60.0,56.0,Active,0,0
2120047,217720,-24,18.0,15.0,Active,0,0
2119705,332541,-27,12.0,5.0,Active,0,0
1165692,387247,-7,10.0,8.0,Active,0,0
1267134,203212,-17,12.0,10.0,Active,0,0
1891331,197413,-31,24.0,21.0,Active,0,0
1740304,136099,-39,12.0,9.0,Active,0,0
2053571,202414,-18,24.0,12.0,Active,0,0
1160069,217769,-25,1.0,0.0,Completed,0,0
1435788,194039,-11,36.0,1.0,Active,0,0
1030101,228563,-42,18.0,13.0,Active,0,0
2270124,196221,-59,4.0,3.0,Active,0,0
2191579,439621,-69,8.0,1.0,Active,0,0
2235483,256605,-21,12.0,12.0,Active,0,0
2075291,127330,-14,36.0,25.0,Active,0,0
1999034,303792,-16,42.0,37.0,Active,0,0
2586092,287454,-72,10.0,0.0,Active,0,0
1033312,347267,-19,24.0,13.0,Active,0,0
2780553,171501,-36,48.0,39.0,Active,0,0
2362180,143779,-31,1.0,0.0,Completed,0,0
1430188,159062,-63,12.0,1.0,Active,0,0
1465722,302544,-91,10.0,0.0,Completed,0,0
2701185,315482,-38,24.0,5.0,Active,0,0
1327323,255884,-33,6.0,6.0,Active,0,0
1796808,201282,-60,10.0,7.0,Active,0,0
2210880,446356,-19,36.0,27.0,Active,0,0
2378514,194685,-24,24.0,6.0,Active,0,0
1150198,259436,-29,4.0,3.0,Active,0,0
1536318,359707,-53,10.0,6.0,Active,0,0
1461649,341461,-20,48.0,47.0,Active,0,0
1767150,379561,-16,11.0,2.0,Active,0,0
1597372,104546,-4,9.0,0.0,Completed,0,0
1730842,396329,-34,12.0,7.0,Active,0,0
2054068,173814,-5,12.0,9.0,Active,0,0
2796005,141911,-22,18.0,15.0,Active,0,0
1295969,269050,-22,12.0,10.0,Active,0,0
1116897,438909,-3,42.0,17.0,Active,0,0
1724456,296724,-17,18.0,15.0,Active,0,0
1385631,190459,-59,16.0,0.0,Completed,0,0
2054286,162909,-82,10.0,4.0,Active,0,0
2399865,453329,-7,12.0,0.0,Completed,0,0
2343476,411508,-4,36.0,31.0,Active,0,0
2713923,262700,-8,12.0,11.0,Active,0,0
1744108,292388,-60,5.0,5.0,Active,0,0
2499389,276626,-59,12.0,8.0,Active,0,0
1499770,353695,-11,18.0,17.0,Active,0,0
1523320,209553,-31,24.0,4.0,Active,0,0
2403060,234568,-43,6.0,1.0,Active,0,0
1488634,322762,-41,24.0,16.0,Active,0,0
1074822,420211,-79,6.0,1.0,Active,0,0
1139951,179564,-64,12.0,0.0,Completed,0,0
1682372,119967,-20,6.0,6.0,Active,0,0
2099733,219810,-17,60.0,60.0,Active,0,0
1385244,120138,-95,4.0,2.0,Active,0,0
2362707,360001,-40,60.0,55.0,Active,0,0
2508638,392243,-3,6.0,2.0,Active,0,0
1154122,397071,-91,10.0,5.0,Active,0,0
1586535,287535,-51,12.0,2.0,Active,0,0
2050962,375199,-20,16.0,9.0,Active,0,0
2725637,117136,-10,10.0,1.0,Active,0,0
2179313,246170,-15,12.0,6.0,Active,0,0
2396202,350936,-13,30.0,25.0,Active,0,0
2674177,407628,-16,42.0,33.0,Active,0,0
1356498,264011,-26,6.0,5.0,Active,0,0
2152832,338813,-85,10.0,6.0,Active,0,0
2210882,146201,-59,12.0,3.0,Active,0,0
2225735,127322,-21,12.0,6.0,Active,0,0
1604232,180305,-55,18.0,14.0,Active,0,0
1099685,387322,-1,36.0,30.0,Active,0,0
1560113,105310,-82,10.0,3.0,Active,0,0
2007586,397186,-32,12.0,11.0,Active,0,0
2188974,324261,-9,10.0,8.0,Active,0,0
1465281,430588,-13,10.0,2.0,Active,0,0
2240351,366454,-22,12.0,4.0,Active,0,0
1194888,365997,-24,10.0,1.0,Active,0,0
1651177,125505,-35,12.0,11.0,Active,0,0
1673178,145328,-33,36.0,36.0,Active,0,0
1231144,365133,-4,48.0,11.0,Active,0,0
2032497,394187,-67,10.0,4.0,Active,0,0
2167784,430958,-95,8.0,6.0,Active,0,0
1155379,288122,-38,10.0,0.0,Completed,0,0
1240227,115424,-4,24.0,8.0,Active,0,0
2665393,214877,-13,6.0,4.0,Active,0,0
1131545,122073,-2,60.0,57.0,Active,0,0
1290215,393876,-58,8.0,1.0,Active,0,0
1932588,220784,-79,6.0,0.0,Completed,0,0
1317429,309640,-49,10.0,7.0,Active,0,0
2476961,184137,-60,6.0,1.0,Active,0,0
2558589,152891,-21,12.0,9.0,Active,0,0
1411583,220287,-25,12.0,8.0,Active,0,0
2818766,238800,-25,10.0,2.0,Active,0,0
1080604,304708,-85,7.0,6.0,Active,0,0
2220071,136116,-1,24.0,9.0,Active,0,0
1088756,336998,-49,18.0,2.0,Active,0,0
2459814,391628,-6,24.0,18.0,Active,0,0
1266029,224148,-23,24.0,22.0,Active,0,0
2379917,219538,-18,12.0,10.0,Active,0,0
1179397,449160,-19,18.0,10.0,Active,0,0
1735997,167440,-20,12.0,11.0,Active,0,0
2256880,455647,-1,12.0,3.0,Active,0,0
1362020,198944,-77,4.0,0.0,Completed,0,0
1262128,291591,-7,12.0,2.0,Active,0,0
2784660,319742,-2,6.0,2.0,Active,0,0
2310047,257564,-23,36.0,11.0,Active,0,0
1908030,451198,-3,12.0,1.0,Active,0,0
1360168,355065,-86,10.0,8.0,Active,0,0
1101172,433938,-2,24.0,7.0,Active,0,0
1588989,118224,-16,10.0,7.0,Active,0,0
2720084,143550,-95,12.0,0.0,Active,0,0
2334966,187877,-29,24.0,2.0,Active,0,0
1936865,383435,-70,24.0,6.0,Active,0,0
1389875,181986,-49,18.0,7.0,Active,0,0
1830809,116741,-57,11.0,12.0,Active,0,0
2341149,429433,-17,12.0,4.0,Active,0,0
1205778,110939,-64,12.0,1.0,Active,0,0
1161473,192672,-44,24.0,5.0,Active,0,0
2560203,398861,-76,12.0,11.0,Active,0,0
2037931,291505,-24,,,Signed,0,0
2255370,178943,-14,15.0,0.0,Completed,0,0
1211231,383450,-22,36.0,20.0,Active,0,0
1563656,394959,-54,18.0,17.0,Active,0,0
2745220,433616,-21,,,Approved,0,0
2710189,133835,-78,11.0,7.0,Active,0,0
1317536,422518,-6,12.0,11.0,Active,0,0
2725993,171362,-95,12.0,10.0,Active,0,0
1603180,338833,-39,30.0,28.0,Active,0,0
1767468,189382,-63,16.0,16.0,Active,0,0
1729534,131091,-13,24.0,22.0,Active,0,0
2031899,154293,-6,12.0,6.0,Active,0,0
1255188,155815,-15,10.0,9.0,Active,0,0
1254822,281501,-12,12.0,11.0,Active,0,0
1852119,162501,-9,12.0,8.0,Active,0,0
2233592,194628,-77,10.0,7.0,Active,0,0
1844615,434853,-1,18.0,5.0,Active,0,0
1003470,264735,-63,24.0,14.0,Active,0,0
1360867,183585,-21,14.0,12.0,Active,0,0
2663086,313764,-84,12.0,5.0,Active,0,0
2360116,193193,-14,18.0,12.0,Active,0,0
2240092,292364,-16,24.0,7.0,Active,0,0
2572619,310465,-18,36.0,27.0,Active,0,0
1284490,393553,-25,12.0,12.0,Active,0,0
1675722,198267,-33,18.0,14.0,Active,0,0
1052997,308996,-33,7.0,0.0,Completed,0,0
1171402,286854,-62,12.0,11.0,Active,0,0
2816885,387898,-9,10.0,3.0,Active,0,0
2801758,184090,-21,12.0,9.0,Active,0,0
2118749,313064,-79,12.0,3.0,Active,0,0
2594506,340855,-2,10.0,3.0,Active,0,0
2179813,179912,-72,4.0,1.0,Active,0,0
1188713,314664,-66,24.0,18.0,Active,0,0
2424573,368629,-86,24.0,19.0,Active,0,0
1594434,116076,-22,12.0,0.0,Active,0,0
2013643,175059,-23,24.0,24.0,Active,0,0
1222951,198177,-13,36.0,15.0,Active,0,0
1054829,369956,-40,16.0,13.0,Active,0,0
1077255,382197,-38,12.0,7.0,Active,0,0
1513379,312221,-10,6.0,6.0,Active,0,0
2058652,331395,-9,10.0,3.0,Active,0,0
1623055,106969,-22,12.0,2.0,Active,0,0
1255243,419584,-17,24.0,24.0,Active,0,0
1617705,343293,-42,12.0,1.0,Active,0,0
1179616,128951,-84,12.0,12.0,Active,0,0
2030238,158903,-39,6.0,4.0,Active,0,0
1441945,261261,-3,24.0,10.0,Active,0,0
1217357,286876,-8,16.0,9.0,Active,0,0
2291724,304786,-43,8.0,1.0,Active,0,0
2718757,224057,-9,6.0,6.0,Active,0,0
1821844,270511,-27,10.0,3.0,Active,0,0
1886979,395810,-13,18.0,6.0,Active,0,0
2177784,342749,-67,12.0,3.0,Active,0,0
2320455,239017,-60,12.0,9.0,Active,0,0
1649445,400290,-53,5.0,2.0,Active,0,0
1711753,164924,-64,4.0,3.0,Active,0,0
2569892,376837,-28,6.0,6.0,Active,0,0
2119023,400505,-3,24.0,1.0,Active,0,0
2472950,264837,-50,11.0,11.0,Active,0,0
1784840,418381,-68,12.0,5.0,Active,0,0
2275784,219213,-25,24.0,18.0,Active,0,0
1313634,390443,-47,12.0,10.0,Active,0,0
1783240,357530,-12,24.0,6.0,Active,0,0
1082134,226624,-49,16.0,2.0,Active,0,0
1470413,339011,-78,18.0,6.0,Active,0,0
2395168,242680,-59,12.0,7.0,Active,0,0
2074365,127015,-58,11.0,6.0,Active,0,0
1159971,395403,-21,24.0,16.0,Active,0,0
1286306,285227,-20,36.0,17.0,Active,0,0
2369547,451129,-44,12.0,12.0,Active,0,0
1186026,183940,-47,24.0,14.0,Active,0,0
2180071,173767,-18,60.0,51.0,Active,0,0
1728507,403263,-58,24.0,3.0,Active,0,0
1130857,161291,-81,24.0,11.0,Active,0,0
2305116,449500,-13,18.0,13.0,Active,0,0
1193061,373380,-16,36.0,34.0,Active,0,0
1648712,275539,-3,12.0,1.0,Active,0,0
1612940,275059,-20,24.0,14.0,Active,0,0
2597019,234793,-43,9.0,0.0,Completed,0,0
1777377,229973,-45,10.0,6.0,Active,0,0
1226164,295903,-33,18.0,10.0,Active,0,0
1029704,241147,-16,12.0,9.0,Active,0,0
2207537,303366,-42,12.0,10.0,Active,0,0
2037762,355847,-35,24.0,8.0,Active,0,0
1462249,377743,-37,8.0,7.0,Active,0,0
1619576,360819,-31,12.0,12.0,Active,0,0
1903171,283825,-30,18.0,14.0,Active,1,1
2741833,402931,-81,10.0,4.0,Active,0,0
2524969,441567,-21,30.0,28.0,Active,0,0
2083467,443870,-26,18.0,0.0,Completed,0,0
1002379,446926,-42,8.0,2.0,Active,0,0
1938129,292503,-72,10.0,2.0,Active,0,0
1005194,384959,-40,24.0,12.0,Active,0,0
1096058,417974,-70,12.0,0.0,Completed,0,0
1492478,201547,-7,36.0,21.0,Active,0,0
1556721,115404,-51,12.0,3.0,Active,0,0
2347584,168388,-57,18.0,2.0,Active,0,0
2819053,243417,-66,12.0,2.0,Active,0,0
1221429,243544,-6,18.0,15.0,Active,0,0
1287050,145539,-10,12.0,12.0,Active,0,0
2668148,257000,-40,36.0,34.0,Active,0,0
1316040,406943,-68,9.0,7.0,Active,0,0
2261835,428003,-22,24.0,14.0,Active,0,0
1466328,189745,-17,24.0,20.0,Active,0,0
2055807,242054,-50,10.0,2.0,Active,0,0
2658044,103540,-29,24.0,24.0,Active,0,0
1298332,244357,-4,6.0,3.0,Active,0,0
2636355,190305,-18,36.0,29.0,Active,0,0
2006906,434240,-82,6.0,4.0,Active,0,0
2138568,277071,-21,12.0,9.0,Active,0,0
1226945,217966,-12,29.0,0.0,Active,0,0
2763426,421585,-18,30.0,25.0,Active,0,0
1174921,243608,-10,12.0,9.0,Active,0,0
1143435,376293,-83,10.0,7.0,Active,0,0
2306001,102039,-48,6.0,1.0,Active,0,0
1772783,144362,-52,10.0,23.0,Active,0,0
1949899,156093,-29,6.0,0.0,Completed,0,0
2645312,300393,-29,5.0,0.0,Active,0,0
2796984,289176,-9,36.0,31.0,Active,0,0
1698210,145579,-66,24.0,14.0,Active,0,0
2216625,128959,-47,11.0,1.0,Active,0,0
1514808,356928,-64,12.0,7.0,Active,0,0
2792372,280669,-18,12.0,9.0,Active,0,0
2110702,226353,-18,24.0,22.0,Active,0,0
2090688,276138,-28,48.0,48.0,Active,0,0
1106980,158097,-93,6.0,3.0,Active,0,0
1514921,240324,-12,36.0,24.0,Active,0,0
2449011,108475,-65,10.0,0.0,Active,0,0
1133180,446636,-20,4.0,0.0,Completed,0,0
2209914,137176,-38,18.0,16.0,Active,0,0
2677254,163053,-26,8.0,8.0,Signed,0,0
2300425,179109,-3,2.0,0.0,Completed,0,0
1261993,210394,-19,60.0,59.0,Active,0,0
2106229,419052,-75,11.0,11.0,Active,0,0
2317885,389707,-51,18.0,9.0,Active,0,0
2567217,180962,-43,12.0,12.0,Active,0,0
1665584,395281,-74,10.0,10.0,Active,0,0
1510439,446079,-30,3.0,0.0,Completed,0,0
2471462,274570,-25,6.0,5.0,Active,0,0
2769397,454447,-39,18.0,12.0,Active,0,0
1338855,390132,-13,6.0,0.0,Demand,0,0
1924324,248340,-10,36.0,29.0,Active,0,0
1453101,154730,-14,36.0,7.0,Active,0,0
1780358,427723,-81,6.0,2.0,Active,0,0
1505180,265162,-13,12.0,0.0,Completed,0,0
2523411,360413,-15,12.0,11.0,Active,0,0
1369933,334257,-4,24.0,21.0,Active,0,0
1010331,267557,-10,12.0,12.0,Active,0,0
1217412,116543,-38,12.0,1.0,Active,0,0
1499014,238786,-73,12.0,12.0,Active,0,0
1773130,152092,-94,8.0,0.0,Active,0,0
1153016,112322,-74,12.0,1.0,Active,0,0
1794604,258163,-86,8.0,6.0,Active,0,0
1839968,309265,-19,42.0,42.0,Active,0,0
2409489,147458,-48,30.0,25.0,Active,0,0
2658052,172279,-24,12.0,3.0,Active,0,0
1619398,328072,-63,10.0,10.0,Active,0,0
1782636,435533,-41,5.0,5.0,Active,0,0
1836004,192831,-30,30.0,15.0,Active,0,0
1532595,181831,-8,12.0,8.0,Active,0,0
2714547,316634,-9,12.0,4.0,Active,0,0
1589321,368543,-70,12.0,1.0,Active,0,0
1891175,363106,-12,60.0,47.0,Active,0,0
2273333,220294,-37,12.0,0.0,Completed,0,0
1946813,226555,-2,12.0,12.0,Active,0,0
2720895,279796,-37,12.0,1.0,Active,0,0
2790800,138985,-77,10.0,7.0,Active,0,0
1117515,151942,-27,36.0,31.0,Active,0,0
2631525,408494,-88,7.0,2.0,Active,0,0
1683153,222279,-5,,,Signed,0,0
2064731,436602,-4,18.0,7.0,Active,0,0
2314146,339039,-34,31.0,25.0,Active,0,0
2613042,275107,-6,25.0,7.0,Active,0,0
2742100,337833,-65,14.0,10.0,Active,0,0
1389920,346768,-22,24.0,24.0,Active,0,0
1258237,221715,-69,18.0,15.0,Active,0,0
2632763,178570,-44,24.0,18.0,Active,0,0
2553894,169696,-68,10.0,2.0,Active,0,0
1661575,375832,-29,10.0,6.0,Active,0,0
1305654,413090,-11,16.0,12.0,Active,0,0
2831455,357734,-26,18.0,13.0,Active,0,0
2541443,159472,-6,18.0,18.0,Active,0,0
1926847,324110,-76,12.0,8.0,Active,0,0
1256244,101420,-22,18.0,18.0,Active,0,0
1948630,407073,-22,6.0,6.0,Active,0,0
1886560,316829,-21,48.0,44.0,Active,0,0
1030276,440876,-37,12.0,9.0,Active,0,0
1004406,199317,-75,12.0,12.0,Active,0,0
1230541,183730,-8,6.0,1.0,Active,0,0
2015432,304800,-6,10.0,6.0,Active,0,0
2459620,210154,-20,48.0,38.0,Active,0,0
1835845,326732,-40,6.0,4.0,Active,0,0
2791284,295697,-12,6.0,1.0,Active,0,0
1612982,105270,-3,1.0,0.0,Completed,0,0
2253380,450863,-53,10.0,1.0,Active,0,0
1409194,243236,-12,12.0,7.0,Active,0,0
2471531,266261,-46,12.0,11.0,Active,0,0
2661151,122115,-31,6.0,4.0,Active,0,0
2063333,398743,-10,36.0,23.0,Active,0,0
2269919,164048,-43,8.0,2.0,Active,0,0
1235051,294930,-5,12.0,11.0,Active,0,0
2437758,348226,-29,18.0,14.0,Active,0,0
2682036,428775,-30,12.0,7.0,Active,0,0
2428084,340100,-21,18.0,5.0,Active,0,0
2574885,335608,-27,36.0,34.0,Active,0,0
1537067,373030,-9,10.0,3.0,Active,0,0
2044108,216666,-3,12.0,3.0,Active,0,0
1715815,322131,-85,12.0,9.0,Active,0,0
1143468,428092,-28,18.0,16.0,Active,0,0
2149394,432153,-12,24.0,21.0,Active,0,0
2610247,371310,-36,9.0,3.0,Active,0,0
1438252,169453,-52,10.0,10.0,Active,0,0
1999128,436642,-5,48.0,5.0,Active,0,0
1419914,361858,-14,12.0,1.0,Active,0,0
1640556,203783,-19,36.0,28.0,Active,0,0
2272784,380358,-96,4.0,0.0,Active,0,0
2104670,103026,-28,14.0,0.0,Completed,0,0
2416548,323444,-47,24.0,1.0,Active,0,0
1817424,230475,-25,36.0,36.0,Signed,0,0
1234689,232093,-57,11.0,8.0,Active,0,0
2055646,305717,-8,42.0,15.0,Active,0,0
1868965,356185,-12,12.0,5.0,Active,0,0
1158036,321384,-22,30.0,17.0,Active,0,0
1770867,234343,-85,9.0,1.0,Active,0,0
2394997,356815,-56,12.0,4.0,Active,0,0
1024267,406043,-58,12.0,10.0,Active,0,0
1459592,450810,-16,24.0,5.0,Active,0,0
1028922,123165,-48,24.0,20.0,Active,0,0
2224249,411759,-10,13.0,0.0,Completed,0,0
2229588,388708,-19,18.0,16.0,Active,0,0
2435236,152483,-18,6.0,6.0,Active,0,0
1214088,162310,-13,6.0,0.0,Completed,0,0
1175543,308397,-8,12.0,11.0,Active,0,0
1620156,239892,-22,12.0,12.0,Active,0,0
1614876,163966,-26,36.0,29.0,Active,0,0
2822075,404022,-48,24.0,4.0,Active,0,0
2153169,436148,-19,4.0,0.0,Completed,0,0
1316597,136744,-66,10.0,10.0,Active,0,0
2101768,395652,-12,12.0,4.0,Active,0,0
2797738,413308,-51,6.0,3.0,Active,0,0
1661584,289605,-47,24.0,16.0,Active,2,2
2134832,315099,-45,24.0,20.0,Active,0,0
2807797,294206,-13,18.0,17.0,Active,0,0
1031185,353058,-13,24.0,0.0,Active,0,0
2689485,107649,-61,12.0,5.0,Active,0,0
2015252,452249,-5,18.0,11.0,Active,0,0
1032680,194892,-48,10.0,6.0,Active,0,0
1600631,308317,-58,8.0,1.0,Active,0,0
2482916,188075,-31,24.0,0.0,Completed,0,0
2665215,285102,-38,10.0,1.0,Active,0,0
2345839,400500,-13,6.0,0.0,Completed,0,0
1421375,217587,-49,24.0,20.0,Active,0,0
1767249,402264,-39,24.0,20.0,Active,0,0
1051584,248328,-64,12.0,1.0,Active,0,0
2472161,258316,-32,12.0,11.0,Active,0,0
1716806,273819,-84,10.0,3.0,Active,0,0
2509519,337267,-37,12.0,9.0,Active,0,0
2513923,351722,-7,24.0,5.0,Active,0,0
1730215,131062,-12,48.0,46.0,Active,0,0
1117385,111556,-79,4.0,3.0,Active,0,0
2346369,394698,-89,12.0,12.0,Active,0,0
1653000,240871,-25,18.0,11.0,Active,0,0
2050492,376747,-4,36.0,28.0,Active,0,0
2630234,283855,-19,12.0,9.0,Active,4,4
2245683,206893,-9,18.0,0.0,Completed,0,0
2260521,327365,-94,9.0,4.0,Active,0,0
2633298,173385,-34,12.0,10.0,Active,0,0
1848996,416513,-91,10.0,10.0,Active,0,0
1645284,162415,-62,12.0,9.0,Active,0,0
1668242,201565,-37,18.0,15.0,Active,0,0
1309590,206852,-32,24.0,21.0,Active,0,0
1261440,250045,-80,8.0,2.0,Active,0,0
1074949,110198,-17,12.0,7.0,Active,0,0
2238154,166874,-85,6.0,1.0,Active,0,0
2486315,411372,-31,10.0,0.0,Completed,0,0
1516223,347970,-17,10.0,0.0,Completed,0,0
2465217,427525,-80,6.0,1.0,Active,0,0
1676069,275337,-95,12.0,4.0,Active,0,0
1394515,336568,-47,18.0,0.0,Active,0,0
2317861,258517,-32,12.0,4.0,Active,0,0
2113592,240021,-2,36.0,10.0,Active,0,0
1108234,109746,-92,5.0,5.0,Active,0,0
1825226,237859,-32,36.0,34.0,Active,0,0
2209943,213330,-26,30.0,30.0,Active,0,0
1147192,358092,-11,10.0,10.0,Active,0,0
1684608,440830,-5,9.0,0.0,Completed,0,0
1578125,174831,-10,36.0,14.0,Active,0,0
2300680,151947,-80,4.0,0.0,Completed,0,0
2621842,455607,-30,12.0,1.0,Active,0,0
2836313,173546,-3,36.0,26.0,Active,0,0
2263031,425847,-35,10.0,10.0,Active,0,0
1395952,420817,-19,36.0,11.0,Active,0,0
1319356,168626,-5,48.0,45.0,Active,0,0
1261249,204178,-14,36.0,34.0,Active,0,0
2693315,142732,-79,10.0,5.0,Active,0,0
2250440,400033,-26,12.0,1.0,Active,0,0
1540368,188647,-17,24.0,23.0,Active,0,0
2704865,374559,-4,10.0,4.0,Active,0,0
2588640,395888,-6,30.0,8.0,Active,0,0
2791592,210078,-11,24.0,9.0,Active,0,0
1803417,224964,-2,24.0,1.0,Active,0,0
1157737,140921,-55,9.0,0.0,Active,0,0
1095848,206318,-36,24.0,5.0,Active,0,0
1652980,265981,-18,30.0,20.0,Active,0,0
1866106,337830,-15,6.0,0.0,Completed,0,0
1952619,167219,-22,36.0,34.0,Active,0,0
2824533,326706,-10,18.0,11.0,Active,0,0
1685182,420681,-2,18.0,0.0,Completed,0,0
1539148,338217,-25,36.0,33.0,Active,0,0
1623298,282083,-39,18.0,8.0,Active,0,0
1031219,196732,-15,48.0,47.0,Active,0,0
1192212,448990,-7,10.0,7.0,Active,0,0
2275292,195574,-28,12.0,10.0,Active,0,0
1410105,226536,-37,36.0,29.0,Active,0,0
2380147,426719,-77,10.0,10.0,Active,0,0
1585049,294526,-18,10.0,10.0,Active,0,0
2173526,149948,-40,24.0,14.0,Active,0,0
2272448,245272,-42,60.0,46.0,Active,0,0
2791262,371713,-23,4.0,2.0,Active,0,0
2607757,112188,-72,11.0,0.0,Active,0,0
1324203,409709,-2,10.0,4.0,Active,0,0
2749343,358066,-28,18.0,8.0,Active,0,0
1556019,270762,-10,24.0,16.0,Active,0,0
1519926,401447,-76,12.0,5.0,Active,0,0
1850432,315546,-46,24.0,11.0,Active,0,0
1314780,423349,-71,14.0,12.0,Active,0,0
2800392,354724,-56,10.0,7.0,Active,0,0
2184500,218669,-31,14.0,3.0,Active,0,0
1764922,355479,-57,10.0,7.0,Active,0,0
1593359,330625,-5,12.0,11.0,Active,0,0
1233692,229148,-38,24.0,10.0,Active,0,0
1439863,131926,-25,24.0,21.0,Active,0,0
1102125,312916,-78,12.0,11.0,Active,0,0
2350195,357445,-73,12.0,2.0,Active,0,0
1605162,256412,-48,10.0,3.0,Active,0,0
1437823,241687,-14,2.0,0.0,Completed,0,0
2700458,176345,-20,12.0,5.0,Active,0,0
1078295,124517,-10,18.0,18.0,Active,0,0
2066047,250888,-87,6.0,0.0,Completed,0,0
1536191,273286,-19,30.0,22.0,Active,0,0
1156927,251109,-7,12.0,10.0,Active,0,0
2077621,295459,-93,6.0,1.0,Active,0,0
2063152,272635,-12,6.0,1.0,Active,0,0
1542726,130639,-16,6.0,4.0,Active,0,0
1026135,340594,-23,24.0,23.0,Active,0,0
1847143,125417,-68,10.0,5.0,Active,0,0
1894057,204729,-63,5.0,2.0,Active,0,0
2733635,305749,-59,18.0,13.0,Active,0,0
1150210,389940,-34,10.0,5.0,Active,0,0
2224349,247484,-5,18.0,10.0,Active,0,0
2819245,443224,-1,60.0,54.0,Active,0,0
1869568,138216,-20,6.0,0.0,Completed,0,0
2037215,153324,-57,10.0,8.0,Active,0,0
1670609,308041,-9,6.0,0.0,Completed,0,0
1075442,259473,-10,60.0,50.0,Active,0,0
2282867,341898,-35,24.0,9.0,Active,0,0
1201632,110877,-19,1.0,0.0,Completed,0,0
1013178,290257,-5,6.0,4.0,Active,0,0
1619916,146769,-30,24.0,2.0,Active,0,0
1735583,162067,-55,14.0,6.0,Active,3,3
2506421,415633,-10,30.0,15.0,Active,0,0
2682689,347922,-9,12.0,10.0,Active,0,0
1461322,302180,-11,6.0,3.0,Active,0,0
1139998,324086,-32,24.0,11.0,Active,0,0
2784035,212262,-74,12.0,12.0,Signed,0,0
2665239,153432,-79,10.0,3.0,Active,0,0
1796774,161476,-16,16.0,14.0,Active,0,0
2578202,226058,-71,6.0,0.0,Active,0,0
1861001,331928,-9,24.0,15.0,Active,0,0
2378504,133430,-50,10.0,9.0,Active,0,0
2560746,456057,-13,12.0,5.0,Active,0,0
1532355,415510,-10,6.0,2.0,Active,0,0
2027875,158608,-57,6.0,3.0,Active,0,0
1135894,217407,-1,18.0,8.0,Active,0,0
2766190,426382,-85,6.0,5.0,Active,0,0
1861136,136973,-36,36.0,30.0,Active,0,0
1642577,173681,-4,24.0,19.0,Active,0,0
2102691,244580,-5,6.0,2.0,Active,0,0
1388495,455643,-10,6.0,2.0,Active,0,0
2318730,103074,-10,12.0,4.0,Active,0,0
2372288,443854,-24,12.0,3.0,Active,20,0
1518701,155636,-11,12.0,6.0,Active,0,0
1154314,275005,-4,6.0,1.0,Active,0,0
2116336,101381,-59,12.0,10.0,Active,0,0
1158441,138851,-26,12.0,10.0,Active,0,0
1562268,431373,-82,12.0,12.0,Active,0,0
1393953,444734,-31,24.0,9.0,Active,0,0
1772203,401893,-12,6.0,5.0,Active,0,0
1024397,146262,-8,12.0,12.0,Active,0,0
1085850,399896,-14,17.0,7.0,Active,0,0
1415429,116891,-34,6.0,6.0,Active,0,0
1644884,341130,-65,10.0,5.0,Active,0,0
2024561,128021,-12,12.0,8.0,Active,0,0
1667715,436248,-54,5.0,1.0,Active,0,0
1896049,193367,-6,24.0,4.0,Active,0,0
1492117,272165,-41,30.0,23.0,Active,0,0
1969133,272090,-21,,,Signed,0,0
1336111,140471,-93,8.0,6.0,Active,0,0
1132864,261999,-71,10.0,6.0,Active,0,0
1234028,251452,-16,18.0,9.0,Active,0,0
2429262,263764,-61,12.0,1.0,Active,9,9
1688644,362856,-26,18.0,9.0,Active,0,0
1283400,279728,-37,16.0,3.0,Active,0,0
2318273,309095,-58,12.0,10.0,Active,0,0
2643845,270528,-89,10.0,1.0,Active,0,0
2428959,122594,-20,18.0,7.0,Active,0,0
1319265,255522,-80,10.0,10.0,Active,0,0
2500675,261876,-20,36.0,30.0,Active,0,0
2451409,283568,-73,12.0,11.0,Active,0,0
2784141,327256,-34,24.0,23.0,Active,0,0
2721121,364439,-4,60.0,60.0,Active,0,0
1177159,168727,-34,18.0,15.0,Active,0,0
1381934,403667,-7,30.0,21.0,Active,0,0
2226029,424142,-34,30.0,21.0,Active,0,0
1462333,342735,-5,6.0,5.0,Active,0,0
1132857,171000,-9,24.0,3.0,Active,0,0
2645617,291322,-72,4.0,2.0,Active,0,0
2780293,121552,-22,12.0,12.0,Active,0,0
1945715,202497,-3,12.0,11.0,Active,0,0
1915728,398693,-91,10.0,6.0,Active,0,0
1792459,422797,-12,30.0,16.0,Active,0,0
2269472,250792,-11,36.0,19.0,Active,0,0
2310012,252210,-88,14.0,14.0,Active,0,0
1426969,350671,-26,12.0,11.0,Active,0,0
2386546,247237,-61,24.0,6.0,Active,0,0
1821314,427042,-75,8.0,3.0,Active,0,0
1143468,428092,-27,18.0,15.0,Active,0,0
1338313,126649,-75,12.0,9.0,Active,0,0
2027373,323199,-28,12.0,12.0,Active,0,0
2422184,119496,-23,6.0,0.0,Completed,0,0
2702255,155755,-56,24.0,24.0,Active,0,0
1629909,236860,-56,10.0,10.0,Active,0,0
1151548,400770,-16,12.0,6.0,Active,0,0
1639687,123545,-5,10.0,8.0,Active,0,0
1783734,350157,-52,17.0,0.0,Active,0,0
1396201,293351,-24,6.0,6.0,Active,0,0
1452779,395892,-2,11.0,3.0,Active,0,0
1052284,277493,-88,13.0,8.0,Active,0,0
2682229,125696,-63,9.0,9.0,Active,0,0
1179665,295696,-87,10.0,6.0,Active,0,0
2164920,440753,-19,30.0,26.0,Active,0,0
2490938,348598,-71,12.0,12.0,Active,0,0
2747920,354479,-21,24.0,22.0,Active,0,0
2481581,393483,-37,12.0,12.0,Active,0,0
1397847,126884,-73,6.0,6.0,Active,0,0
2741694,234053,-22,48.0,44.0,Active,0,0
2784834,450805,-22,18.0,10.0,Active,0,0
2631350,311197,-12,12.0,11.0,Active,0,0
1233970,135738,-23,12.0,9.0,Active,0,0
2270185,226463,-14,36.0,28.0,Active,0,0
2424637,157285,-20,6.0,5.0,Active,0,0
1973502,136750,-21,12.0,10.0,Active,0,0
1111777,138332,-85,7.0,7.0,Active,0,0
2560741,361248,-43,18.0,18.0,Active,0,0
1536813,220165,-38,18.0,8.0,Active,0,0
1998632,352429,-75,12.0,9.0,Active,0,0
2532407,372534,-79,9.0,6.0,Active,0,0
1887172,285379,-64,12.0,10.0,Active,0,0
2745132,285201,-65,6.0,1.0,Active,0,0
2412339,104290,-69,12.0,8.0,Active,0,0
1186576,122898,-27,4.0,0.0,Active,0,0
2162771,387138,-24,42.0,39.0,Active,0,0
2192426,316482,-50,10.0,0.0,Completed,0,0
1158487,278542,-9,18.0,8.0,Active,0,0
2508049,108950,-70,9.0,9.0,Active,0,0
2053338,208542,-52,5.0,4.0,Active,0,0
2263412,103024,-55,5.0,1.0,Active,0,0
1652085,412177,-25,6.0,5.0,Active,0,0
1136371,140057,-37,6.0,3.0,Active,0,0
2371999,288462,-61,10.0,0.0,Active,1302,0
1800958,391570,-12,24.0,15.0,Active,0,0
1945779,343633,-82,6.0,0.0,Active,0,0
2077881,417069,-34,12.0,11.0,Active,0,0
2149924,302504,-15,18.0,13.0,Active,0,0
2538186,337641,-36,6.0,6.0,Active,0,0
1798742,277273,-19,12.0,2.0,Active,0,0
1685609,167998,-61,5.0,1.0,Active,0,0
2821691,248467,-38,12.0,5.0,Active,0,0
2179684,196677,-83,10.0,0.0,Completed,0,0
1052515,287810,-7,42.0,29.0,Active,0,0
2004351,137468,-23,24.0,18.0,Active,0,0
2762405,414237,-48,24.0,24.0,Signed,0,0
1230752,276857,-63,12.0,9.0,Active,0,0
2265965,227538,-38,24.0,22.0,Active,0,0
2327576,155721,-10,6.0,4.0,Active,0,0
2746604,373130,-11,10.0,3.0,Active,0,0
2674630,429715,-70,24.0,14.0,Active,0,0
2027682,113568,-15,24.0,6.0,Active,0,0
1876709,252686,-29,12.0,10.0,Active,0,0
1798045,164940,-59,12.0,1.0,Active,0,0
2487300,172120,-31,48.0,42.0,Active,0,0
2747693,142083,-24,10.0,2.0,Active,0,0
1076120,259303,-77,10.0,4.0,Active,0,0
2095452,278025,-14,12.0,9.0,Active,0,0
2048718,292322,-24,6.0,3.0,Active,0,0
2101030,378224,-24,30.0,11.0,Active,0,0
1931940,173028,-37,24.0,10.0,Active,0,0
1435066,426992,-38,12.0,3.0,Active,0,0
1154197,190650,-76,6.0,2.0,Active,0,0
1037596,395829,-2,30.0,17.0,Active,0,0
1243741,186788,-13,24.0,16.0,Active,0,0
2653207,158088,-17,23.0,9.0,Active,0,0
2241222,191488,-17,12.0,9.0,Active,0,0
1134237,374159,-10,42.0,26.0,Active,0,0
1249519,416055,-90,4.0,0.0,Active,0,0
2398012,364463,-58,14.0,14.0,Active,0,0
1281028,128041,-49,6.0,0.0,Active,1575,0
1531542,352219,-23,6.0,5.0,Active,0,0
1169147,329691,-19,12.0,11.0,Active,0,0
1347652,424586,-52,16.0,11.0,Active,0,0
1170360,283252,-75,12.0,8.0,Active,0,0
1878695,150744,-18,12.0,11.0,Active,0,0
2263041,140008,-21,24.0,24.0,Active,0,0
2395741,219694,-33,12.0,12.0,Active,0,0
2681758,207854,-82,24.0,20.0,Active,0,0
2205197,157998,-10,12.0,11.0,Active,0,0
1386816,157140,-4,12.0,7.0,Active,0,0
2700486,262900,-23,24.0,23.0,Active,0,0
2070798,411010,-19,24.0,16.0,Active,0,0
2843267,364030,-17,12.0,12.0,Active,0,0
1761660,287902,-30,4.0,3.0,Active,0,0
1044545,128122,-29,12.0,3.0,Active,0,0
2237869,274513,-44,24.0,19.0,Active,0,0
1746225,133994,-38,24.0,7.0,Active,0,0
1746773,353888,-26,12.0,9.0,Active,0,0
1169198,256373,-41,10.0,4.0,Active,0,0
2394577,174268,-8,6.0,3.0,Active,0,0
1370630,178852,-19,36.0,27.0,Active,0,0
1084261,258711,-6,12.0,2.0,Active,0,0
1467120,441558,-16,18.0,12.0,Active,0,0
1897127,223992,-38,12.0,5.0,Active,0,0
2194791,336401,-12,36.0,24.0,Active,0,0
1819708,327437,-66,12.0,5.0,Active,0,0
1692213,121411,-81,12.0,10.0,Active,0,0
1765816,424902,-7,24.0,22.0,Active,0,0
2807729,194032,-12,42.0,21.0,Active,0,0
2016743,194695,-2,36.0,17.0,Active,0,0
2167270,450147,-41,6.0,6.0,Active,0,0
1391954,140603,-67,12.0,7.0,Active,0,0
1233454,411144,-27,36.0,29.0,Active,0,0
2087298,328085,-48,5.0,3.0,Active,0,0
2310489,298717,-91,10.0,6.0,Active,0,0
1258422,453261,-81,6.0,1.0,Active,0,0
2539632,449584,-41,12.0,2.0,Active,0,0
2385879,212703,-37,10.0,10.0,Active,0,0
2387674,267117,-32,8.0,0.0,Completed,0,0
1010248,110026,-45,12.0,0.0,Completed,0,0
2756564,146969,-8,6.0,4.0,Active,0,0
2528099,167376,-66,12.0,9.0,Active,0,0
1369914,305763,-10,36.0,34.0,Active,0,0
2536941,329360,-24,24.0,20.0,Active,0,0
2617366,442894,-49,12.0,8.0,Active,0,0
2498895,249793,-20,10.0,0.0,Completed,0,0
2610679,200208,-49,11.0,12.0,Signed,0,0
2539814,214224,-79,11.0,9.0,Active,0,0
2306128,142771,-32,12.0,10.0,Active,0,0
2309147,163377,-63,12.0,3.0,Active,0,0
1874283,405772,-44,24.0,12.0,Active,0,0
2253669,428638,-34,24.0,4.0,Active,0,0
1057331,108592,-11,7.0,0.0,Completed,0,0
2428384,296707,-7,6.0,0.0,Active,0,0
1258125,397628,-25,10.0,4.0,Active,0,0
2702996,400545,-11,10.0,0.0,Completed,0,0
2206362,322213,-35,6.0,6.0,Active,0,0
2066267,432018,-71,6.0,6.0,Active,0,0
1149270,293297,-1,36.0,31.0,Active,0,0
2131458,448267,-31,10.0,7.0,Active,0,0
2742165,305181,-31,9.0,0.0,Completed,0,0
1774631,278148,-24,12.0,2.0,Active,0,0
1538549,342137,-9,24.0,23.0,Active,0,0
1033352,362787,-36,24.0,16.0,Active,0,0
1003313,315704,-35,12.0,5.0,Active,0,0
2130126,243754,-55,12.0,11.0,Active,0,0
1280442,321406,-3,12.0,9.0,Active,0,0
1027530,278456,-12,24.0,24.0,Active,0,0
1525482,339732,-64,11.0,3.0,Active,0,0
1740670,366847,-41,12.0,12.0,Active,0,0
1280447,177618,-7,6.0,1.0,Active,0,0
2116496,422050,-4,36.0,26.0,Active,0,0
2107800,450792,-9,18.0,11.0,Active,0,0
2130576,435978,-9,6.0,6.0,Active,0,0
1780177,444509,-48,10.0,2.0,Active,0,0
2730309,203974,-85,12.0,3.0,Active,0,0
1749926,303467,-82,10.0,9.0,Active,0,0
2824332,228005,-60,10.0,2.0,Active,0,0
1769603,147553,-72,10.0,0.0,Completed,0,0
1824786,363350,-54,10.0,10.0,Active,0,0
1872344,326510,-69,12.0,4.0,Active,0,0
2688193,338173,-14,48.0,24.0,Active,0,0
1655921,220856,-79,10.0,0.0,Completed,0,0
2560754,275196,-11,25.0,11.0,Active,0,0
1821309,449418,-68,10.0,3.0,Active,0,0
1901926,241386,-39,24.0,14.0,Active,0,0
2784464,430120,-8,2.0,0.0,Completed,0,0
2583982,353217,-17,12.0,4.0,Active,0,0
2242240,442671,-14,12.0,12.0,Active,0,0
2155017,246465,-5,5.0,0.0,Active,0,0
2152552,424915,-21,10.0,8.0,Active,0,0
2171508,226647,-5,12.0,9.0,Active,0,0
1596486,279964,-68,10.0,5.0,Active,0,0
1816660,284492,-90,24.0,20.0,Active,20,0
1257128,337920,-27,24.0,16.0,Active,0,0
2174624,327438,-11,24.0,3.0,Active,0,0
1574546,400524,-13,6.0,6.0,Signed,0,0
2220475,216448,-20,24.0,22.0,Active,0,0
2432009,399463,-44,12.0,7.0,Active,0,0
1937918,426945,-92,10.0,3.0,Active,0,0
2348110,113241,-52,12.0,10.0,Active,0,0
2069133,308335,-15,6.0,5.0,Active,0,0
1517804,401096,-67,18.0,6.0,Active,0,0
2366809,281313,-21,42.0,34.0,Active,0,0
1725664,117877,-45,10.0,0.0,Completed,0,0
1461508,444764,-9,18.0,12.0,Active,0,0
1537031,141910,-81,6.0,2.0,Active,0,0
1077776,365323,-13,10.0,7.0,Active,0,0
2167944,339038,-2,10.0,3.0,Active,0,0
1946083,298258,-4,4.0,2.0,Active,0,0
1276902,371863,-57,10.0,1.0,Active,0,0
2186402,179809,-43,8.0,0.0,Completed,0,0
1287885,447065,-96,12.0,0.0,Active,0,0
1067470,109629,-3,24.0,9.0,Active,0,0
2653280,139484,-9,10.0,5.0,Active,0,0
1320492,142915,-46,10.0,2.0,Active,0,0
1856399,202782,-22,30.0,19.0,Active,0,0
1445324,429244,-59,12.0,2.0,Active,0,0
2399359,111561,-45,12.0,7.0,Active,0,0
1080205,223056,-60,6.0,0.0,Active,351,0
1460203,174808,-27,36.0,25.0,Active,0,0
2408387,183945,-22,3.0,0.0,Completed,0,0
2104442,447501,-7,6.0,0.0,Completed,0,0
2340787,341599,-34,24.0,6.0,Active,0,0
2424393,198913,-25,30.0,28.0,Active,0,0
1435982,320933,-42,10.0,5.0,Active,0,0
2560957,448901,-60,12.0,2.0,Active,0,0
2474544,379465,-72,7.0,0.0,Active,0,0
2474602,288888,-25,36.0,36.0,Active,0,0
1029913,176437,-30,6.0,3.0,Active,0,0
2192793,207086,-8,12.0,4.0,Active,0,0
1260165,350439,-11,60.0,55.0,Active,0,0
1509631,369499,-85,3.0,0.0,Active,0,0
1363655,328820,-21,12.0,11.0,Active,0,0
2697376,289872,-37,24.0,21.0,Active,0,0
2413616,125341,-28,12.0,6.0,Active,0,0
1334751,159093,-3,36.0,19.0,Active,0,0
1514352,229643,-49,24.0,23.0,Active,0,0
1236900,253728,-6,48.0,31.0,Active,0,0
1618879,189450,-9,12.0,8.0,Active,0,0
2126363,260461,-27,24.0,17.0,Active,0,0
2179377,298690,-13,12.0,10.0,Active,0,0
1436492,184682,-80,4.0,3.0,Active,0,0
1982374,446374,-4,6.0,6.0,Active,0,0
1864728,123057,-8,12.0,12.0,Active,0,0
1319388,330866,-9,6.0,5.0,Active,0,0
2082980,398066,-45,12.0,4.0,Active,0,0
1721800,108374,-2,24.0,6.0,Active,0,0
1544325,206561,-53,14.0,10.0,Active,0,0
2509094,145512,-91,10.0,0.0,Completed,0,0
1181401,117137,-26,3.0,0.0,Completed,0,0
1530697,186336,-84,6.0,2.0,Active,0,0
1645411,190272,-80,10.0,0.0,Active,0,0
2398121,426626,-8,24.0,15.0,Active,0,0
1305111,345362,-29,5.0,0.0,Active,0,0
2332458,447337,-2,10.0,3.0,Active,0,0
2709264,306972,-38,24.0,18.0,Active,0,0
1144793,290134,-48,24.0,20.0,Active,0,0
1012903,359808,-29,12.0,9.0,Active,0,0
1209474,296994,-9,12.0,8.0,Active,0,0
1769011,306016,-26,6.0,0.0,Completed,0,0
2177422,373522,-29,14.0,10.0,Active,0,0
1382578,243760,-69,10.0,0.0,Completed,0,0
1043162,297744,-8,24.0,5.0,Active,0,0
2645578,196329,-14,12.0,12.0,Active,0,0
1062921,184889,-40,12.0,10.0,Active,0,0
2108023,415067,-39,12.0,2.0,Active,0,0
2174549,144706,-56,12.0,6.0,Active,0,0
1535947,168815,-24,24.0,21.0,Active,0,0
1389070,377297,-20,10.0,3.0,Active,0,0
1818486,167439,-2,5.0,0.0,Completed,0,0
1901372,110569,-68,9.0,4.0,Active,0,0
2553048,406863,-19,24.0,8.0,Active,0,0
1956209,167291,-21,36.0,31.0,Active,0,0
2172953,399327,-63,5.0,0.0,Active,0,0
1880548,366276,-33,18.0,12.0,Active,0,0
2194484,338350,-23,36.0,35.0,Active,0,0
1790697,114243,-10,18.0,11.0,Active,0,0
1289263,124846,-10,48.0,46.0,Active,0,0
2204560,161133,-3,36.0,20.0,Active,0,0
1922945,178197,-17,10.0,10.0,Active,0,0
1942056,255205,-20,36.0,28.0,Active,0,0
1125453,438290,-53,16.0,2.0,Active,0,0
1289392,254593,-27,24.0,23.0,Active,0,0
1951760,142705,-26,36.0,19.0,Active,0,0
1240025,142733,-9,30.0,17.0,Active,0,0
1951796,324284,-19,12.0,12.0,Active,0,0
1823045,269805,-27,12.0,8.0,Active,0,0
1651730,106858,-6,60.0,58.0,Active,0,0
1886926,265042,-84,10.0,2.0,Active,0,0
1440436,170792,-12,8.0,8.0,Active,0,0
1688523,267337,-16,24.0,2.0,Active,0,0
1815567,448948,-46,24.0,19.0,Active,0,0
2522870,211441,-43,24.0,23.0,Active,0,0
2429327,188975,-72,12.0,1.0,Active,0,0
1901398,418357,-87,9.0,2.0,Active,0,0
1102414,404891,-10,12.0,1.0,Active,0,0
1312516,285496,-37,4.0,1.0,Active,0,0
1431117,435485,-46,12.0,9.0,Active,0,0
1052730,279994,-53,10.0,6.0,Active,0,0
2567031,435064,-5,24.0,11.0,Active,0,0
2168743,415807,-13,36.0,36.0,Active,0,0
2568097,277079,-34,18.0,15.0,Active,0,0
2661036,336159,-80,12.0,11.0,Active,0,0
1535818,436544,-11,18.0,11.0,Active,0,0
2595350,316247,-12,14.0,0.0,Completed,0,0
2137934,128380,-22,12.0,12.0,Active,0,0
2716989,307358,-60,9.0,8.0,Active,0,0
2525333,293003,-29,24.0,16.0,Active,0,0
1396585,276332,-45,36.0,34.0,Active,0,0
1283261,347817,-16,17.0,1.0,Active,0,0
2584840,290047,-8,24.0,23.0,Active,0,0
1810351,223204,-7,12.0,0.0,Completed,0,0
2178600,417266,-10,12.0,2.0,Active,0,0
1449518,362661,-76,12.0,11.0,Active,0,0
2115820,216862,-23,12.0,5.0,Active,0,0
1016688,112837,-26,12.0,10.0,Active,0,0
1108142,365117,-44,9.0,0.0,Completed,0,0
2746374,406466,-40,6.0,5.0,Active,0,0
2506522,167204,-64,11.0,10.0,Active,0,0
2283407,274573,-24,10.0,6.0,Active,0,0
1028023,230530,-36,12.0,1.0,Active,0,0
1621693,119626,-80,6.0,1.0,Active,0,0
1690784,392669,-20,14.0,11.0,Active,0,0
2716387,304905,-96,12.0,8.0,Active,0,0
1121774,381155,-10,60.0,58.0,Active,0,0
1243660,449285,-63,12.0,8.0,Active,2,0
2508521,256394,-49,12.0,7.0,Active,0,0
1267086,121417,-14,37.0,18.0,Active,0,0
1104206,157277,-41,10.0,5.0,Active,0,0
2674125,214512,-3,42.0,23.0,Active,0,0
1530998,189311,-26,10.0,3.0,Active,0,0
2079114,419050,-21,36.0,35.0,Active,0,0
2414996,147804,-13,24.0,6.0,Active,0,0
1088764,230299,-47,12.0,11.0,Active,0,0
1974999,246364,-6,12.0,3.0,Active,3,3
1110555,445168,-36,24.0,21.0,Active,7,7
1100263,367167,-68,6.0,5.0,Active,0,0
1921876,131059,-54,12.0,1.0,Active,0,0
2697000,413035,-60,10.0,1.0,Active,0,0
2028165,231820,-6,48.0,46.0,Active,0,0
2327862,371340,-10,12.0,8.0,Active,0,0
1963557,182971,-55,12.0,8.0,Active,0,0
2571734,334318,-46,4.0,4.0,Active,0,0
2318036,281185,-39,10.0,0.0,Active,0,0
2546706,332418,-91,10.0,7.0,Active,0,0
2478904,440549,-45,10.0,0.0,Active,0,0
1108234,109746,-87,5.0,0.0,Completed,0,0
1183506,159764,-9,12.0,10.0,Active,0,0
2329408,179300,-6,12.0,10.0,Active,0,0
1004671,402049,-7,6.0,4.0,Active,0,0
2562848,218112,-87,10.0,9.0,Active,0,0
2623236,140210,-14,12.0,2.0,Active,0,0
1474705,415161,-43,12.0,3.0,Active,0,0
1237500,349987,-17,6.0,1.0,Active,0,0
1565260,133530,-15,12.0,1.0,Active,0,0
2630934,185645,-71,36.0,18.0,Active,0,0
1040102,115391,-21,12.0,3.0,Active,0,0
2293975,322354,-85,11.0,6.0,Active,0,0
1367280,329340,-56,7.0,7.0,Signed,0,0
1740852,273997,-23,12.0,10.0,Active,0,0
1822614,332204,-24,36.0,25.0,Active,0,0
1046021,170548,-28,12.0,4.0,Active,0,0
1153576,319040,-16,12.0,0.0,Completed,0,0
1009049,168218,-17,12.0,10.0,Active,0,0
2206483,401421,-9,18.0,5.0,Active,0,0
2327416,229054,-35,12.0,7.0,Active,0,0
2452911,252414,-14,12.0,6.0,Active,0,0
1249080,377854,-2,36.0,15.0,Active,0,0
2813106,286985,-66,11.0,8.0,Active,0,0
2233922,376833,-20,36.0,28.0,Active,0,0
1101667,439697,-15,3.0,1.0,Active,0,0
1154129,254721,-70,12.0,12.0,Active,0,0
1719623,279295,-9,24.0,1.0,Active,0,0
2014136,449286,-17,42.0,39.0,Active,0,0
1698044,289749,-34,24.0,0.0,Completed,0,0
1531353,427941,-47,12.0,7.0,Active,0,0
1575019,321784,-8,12.0,1.0,Active,0,0
1555876,217539,-42,,,Signed,0,0
1785460,271368,-7,12.0,8.0,Active,0,0
1130756,392683,-45,6.0,3.0,Active,0,0
1681979,264675,-23,3.0,0.0,Completed,0,0
1002459,231631,-59,12.0,10.0,Active,0,0
2438255,266297,-21,36.0,32.0,Active,0,0
2253754,257631,-13,30.0,13.0,Active,0,0
1770949,401133,-4,12.0,6.0,Active,0,0
2314138,118101,-2,6.0,4.0,Active,0,0
1263099,132617,-47,4.0,3.0,Active,0,0
1495752,255395,-25,12.0,6.0,Active,0,0
1701814,104786,-54,8.0,1.0,Active,0,0
2475638,303331,-33,24.0,21.0,Active,0,0
1831085,233238,-27,36.0,20.0,Active,0,0
2467058,249865,-4,24.0,12.0,Active,0,0
2831677,235953,-38,18.0,4.0,Active,0,0
2803307,304201,-8,12.0,8.0,Active,0,0
2094530,265307,-40,24.0,4.0,Active,0,0
1055604,359092,-66,10.0,3.0,Active,0,0
1448334,384232,-72,6.0,6.0,Active,0,0
2274292,348281,-91,6.0,1.0,Active,0,0
1327703,378967,-90,8.0,4.0,Active,0,0
2127394,330521,-49,24.0,0.0,Completed,980,0
2414063,437102,-11,14.0,0.0,Completed,0,0
2505118,140425,-63,12.0,11.0,Active,0,0
1488576,257043,-14,42.0,35.0,Active,0,0
1313563,411827,-35,9.0,0.0,Active,0,0
2562744,211560,-1,10.0,5.0,Active,0,0
2177723,344320,-2,12.0,2.0,Active,0,0
1664039,288476,-23,6.0,4.0,Active,0,0
2120613,146660,-37,18.0,15.0,Active,0,0
2126902,220083,-87,9.0,0.0,Active,0,0
1606941,181801,-17,18.0,13.0,Active,0,0
2309313,416098,-46,10.0,2.0,Active,0,0
2746711,216866,-43,15.0,1.0,Active,0,0
1445356,187358,-5,12.0,11.0,Active,0,0
1493296,266450,-48,12.0,3.0,Active,0,0
2154373,410345,-8,12.0,12.0,Active,0,0
2245527,276126,-8,48.0,41.0,Active,0,0
2821907,298064,-72,24.0,9.0,Active,0,0
1536980,225295,-2,24.0,9.0,Active,0,0
2437811,419415,-25,6.0,6.0,Active,0,0
1765679,382649,-4,36.0,12.0,Active,0,0
2464844,194678,-6,12.0,8.0,Active,0,0
1282283,432659,-44,12.0,12.0,Active,0,0
1311480,351856,-26,24.0,18.0,Active,0,0
1480728,402400,-23,18.0,5.0,Active,0,0
2524264,225594,-36,12.0,8.0,Active,0,0
2035171,250402,-16,12.0,11.0,Active,0,0
2334887,359931,-39,24.0,18.0,Active,0,0
1290953,295388,-2,6.0,0.0,Active,20,0
1414817,139138,-20,10.0,9.0,Active,0,0
2653666,170157,-10,12.0,6.0,Active,0,0
2331116,392085,-24,12.0,12.0,Active,0,0
1963905,189057,-31,12.0,10.0,Active,0,0
1770273,411953,-10,6.0,4.0,Active,0,0
2766992,330065,-47,10.0,9.0,Active,0,0
1113014,293213,-22,12.0,12.0,Active,0,0
1282755,341102,-68,24.0,5.0,Active,0,0
1281017,410249,-5,12.0,4.0,Active,0,0
1667980,372410,-37,18.0,15.0,Active,0,0
1938348,103053,-15,24.0,2.0,Active,0,0
2677880,103334,-15,14.0,0.0,Completed,0,0
2008185,303452,-7,60.0,44.0,Active,0,0
2425720,377535,-26,6.0,0.0,Completed,0,0
1282300,262324,-16,12.0,5.0,Active,0,0
1819864,236073,-13,48.0,41.0,Active,0,0
2659137,286788,-22,12.0,4.0,Active,0,0
2746702,361587,-4,24.0,18.0,Active,0,0
1620251,186601,-25,10.0,8.0,Active,0,0
1147270,414789,-48,5.0,2.0,Active,0,0
1421794,386290,-14,24.0,2.0,Active,0,0
2050968,138452,-10,18.0,13.0,Active,0,0
1669881,321551,-34,12.0,0.0,Active,9,9
1687387,373904,-11,36.0,32.0,Active,0,0
1158336,263972,-32,10.0,6.0,Active,0,0
1641972,189490,-3,24.0,4.0,Active,0,0
1229869,164468,-49,12.0,2.0,Active,0,0
2200748,133473,-21,12.0,9.0,Active,0,0
1651819,247328,-18,30.0,6.0,Active,0,0
2273466,155734,-4,24.0,15.0,Active,0,0
2014113,375630,-62,18.0,12.0,Active,0,0
1054418,305043,-74,4.0,0.0,Completed,0,0
1000200,355033,-17,24.0,24.0,Active,0,0
1364087,108799,-81,6.0,3.0,Active,0,0
1787689,417663,-92,8.0,0.0,Active,8,8
1112000,124745,-61,18.0,14.0,Active,0,0
1242230,229224,-32,5.0,0.0,Completed,0,0
1752031,442121,-7,6.0,0.0,Completed,0,0
1748457,190710,-11,24.0,13.0,Active,0,0
2031134,179478,-40,12.0,8.0,Active,0,0
1104327,187897,-37,12.0,11.0,Active,0,0
1307313,369737,-21,18.0,4.0,Active,0,0
2589192,291546,-15,12.0,0.0,Completed,0,0
2204529,264231,-89,3.0,0.0,Completed,0,0
1141693,166554,-7,6.0,6.0,Active,0,0
2823952,267711,-9,6.0,0.0,Active,0,0
1275753,435264,-24,24.0,17.0,Active,0,0
1910501,224582,-19,24.0,15.0,Active,0,0
1100889,450739,-13,3.0,0.0,Completed,0,0
1004969,226724,-5,6.0,3.0,Active,0,0
2140872,445022,-3,12.0,2.0,Active,0,0
1810384,420554,-9,12.0,12.0,Active,0,0
1332874,374287,-19,4.0,0.0,Completed,0,0
1125950,268191,-49,36.0,6.0,Active,0,0
1452938,314557,-40,10.0,0.0,Completed,0,0
1730282,186373,-57,4.0,2.0,Active,0,0
2162777,247446,-45,30.0,15.0,Active,0,0
1231589,423544,-18,30.0,28.0,Active,0,0
2382955,312954,-27,7.0,0.0,Completed,0,0
2565455,136619,-24,12.0,0.0,Completed,0,0
1223564,232022,-40,10.0,2.0,Active,0,0
2541456,432420,-28,12.0,8.0,Active,6,6
2291809,273202,-15,48.0,34.0,Active,0,0
1368067,248143,-26,18.0,14.0,Active,0,0
1026646,229433,-9,24.0,15.0,Active,0,0
1770328,395140,-4,12.0,8.0,Active,0,0
1416577,211115,-11,6.0,2.0,Active,0,0
1962799,121396,-85,7.0,1.0,Active,0,0
1086091,117347,-13,36.0,29.0,Active,0,0
2240055,377174,-73,10.0,7.0,Active,0,0
2270499,158098,-48,8.0,3.0,Active,0,0
1285135,366993,-5,48.0,27.0,Active,0,0
2080677,133781,-67,5.0,1.0,Active,0,0
1994463,182494,-78,5.0,5.0,Active,0,0
1850110,286870,-37,12.0,11.0,Active,0,0
1028953,362457,-17,24.0,21.0,Active,0,0
1856786,305996,-5,24.0,10.0,Active,0,0
1182537,205245,-8,24.0,7.0,Active,0,0
2536811,209374,-49,12.0,12.0,Active,0,0
1333786,206294,-70,12.0,9.0,Active,0,0
1130563,304238,-13,42.0,27.0,Active,0,0
2464750,281530,-66,10.0,5.0,Active,0,0
1162571,286194,-60,12.0,6.0,Active,0,0
2415389,439673,-29,6.0,4.0,Active,0,0
1815057,122603,-53,6.0,0.0,Active,1249,0
1964253,413401,-26,12.0,8.0,Active,5,5
2177380,375585,-78,9.0,7.0,Active,0,0
2102697,354548,-9,12.0,0.0,Completed,0,0
1159487,169136,-7,18.0,5.0,Active,0,0
2167827,380888,-7,24.0,18.0,Active,0,0
2378216,118919,-39,12.0,5.0,Active,0,0
2333287,176412,-42,6.0,1.0,Active,0,0
2427985,229563,-70,12.0,9.0,Active,0,0
2641490,143789,-9,24.0,7.0,Active,0,0
1103720,358157,-21,12.0,10.0,Active,0,0
2574632,323074,-32,42.0,33.0,Active,0,0
2758782,175007,-45,4.0,0.0,Completed,0,0
2405204,347237,-10,18.0,9.0,Active,0,0
1261115,313079,-32,6.0,3.0,Active,0,0
2725592,442805,-77,8.0,7.0,Active,0,0
2765237,385347,-36,6.0,4.0,Active,0,0
2374382,451273,-33,9.0,0.0,Completed,0,0
1006167,158708,-20,24.0,17.0,Active,0,0
2181081,424722,-5,11.0,0.0,Completed,0,0
2274447,241628,-71,10.0,0.0,Active,0,0
1279942,280117,-85,10.0,3.0,Active,0,0
1301778,154866,-27,12.0,12.0,Active,0,0
2717466,392482,-23,24.0,23.0,Active,0,0
1256722,392299,-71,10.0,8.0,Active,0,0
2167404,375010,-15,6.0,0.0,Active,0,0
1026997,422046,-39,10.0,3.0,Active,0,0
1347484,404525,-14,14.0,0.0,Completed,0,0
2085452,241022,-44,6.0,5.0,Active,0,0
1567190,310339,-42,11.0,0.0,Active,0,0
1369465,290967,-13,18.0,13.0,Active,0,0
1998885,421815,-89,10.0,6.0,Active,0,0
2668697,268157,-7,6.0,2.0,Active,0,0
1096144,218047,-72,45.0,36.0,Active,0,0
2200090,420301,-21,60.0,33.0,Active,0,0
1945579,418607,-77,10.0,0.0,Active,704,0
1846842,108980,-67,11.0,4.0,Active,24,0
2585686,137741,-52,10.0,7.0,Active,0,0
2166636,203416,-35,24.0,23.0,Active,0,0
1513856,195996,-13,48.0,42.0,Active,0,0
2166122,392753,-7,8.0,5.0,Active,0,0
2077133,102326,-63,6.0,2.0,Active,0,0
2802879,239314,-76,10.0,6.0,Active,0,0
1262205,160648,-22,6.0,6.0,Active,0,0
1715649,389632,-28,6.0,2.0,Active,0,0
2228221,232087,-37,14.0,5.0,Active,0,0
2244567,305592,-32,6.0,4.0,Active,0,0
2190715,333386,-2,24.0,12.0,Active,0,0
1459667,439401,-47,14.0,12.0,Active,0,0
1405932,362652,-87,10.0,3.0,Active,0,0
2427202,332332,-17,6.0,5.0,Active,0,0
2832492,301337,-3,10.0,8.0,Active,0,0
2017003,139350,-29,48.0,38.0,Active,0,0
2380103,450849,-18,18.0,12.0,Active,0,0
1238185,195252,-6,12.0,2.0,Active,0,0
1845633,314169,-49,7.0,6.0,Active,0,0
1872163,126915,-20,36.0,28.0,Active,0,0
1237025,212145,-13,48.0,23.0,Active,0,0
1395523,100293,-10,12.0,3.0,Active,0,0
2482397,138230,-65,11.0,6.0,Active,0,0
2467421,316890,-22,12.0,0.0,Active,536,0
1378399,387722,-3,24.0,10.0,Active,0,0
1086368,386310,-89,10.0,2.0,Active,0,0
1800485,333577,-64,12.0,3.0,Active,0,0
2778850,399412,-84,10.0,9.0,Active,0,0
2471887,128469,-31,12.0,8.0,Active,0,0
1622237,363708,-94,6.0,2.0,Active,0,0
2397656,201427,-8,12.0,3.0,Active,0,0
1561957,404262,-20,36.0,20.0,Active,0,0
1949656,225174,-12,12.0,6.0,Active,0,0
1921740,212574,-7,30.0,0.0,Active,0,0
1782760,392928,-62,24.0,16.0,Active,0,0
2178447,142055,-4,48.0,40.0,Active,0,0
2805574,292146,-33,24.0,6.0,Active,0,0
1012990,194171,-25,18.0,16.0,Active,0,0
1421418,195520,-33,12.0,10.0,Active,0,0
1107377,160577,-90,15.0,10.0,Active,0,0
1214659,225468,-24,24.0,8.0,Active,0,0
2165829,149998,-18,12.0,10.0,Active,0,0
1716254,453496,-89,4.0,0.0,Active,0,0
1283738,138341,-7,18.0,0.0,Completed,0,0
2051089,200535,-11,10.0,9.0,Active,0,0
1952061,294214,-43,12.0,5.0,Active,0,0
1552301,197310,-11,36.0,28.0,Active,0,0
1350847,326883,-38,12.0,8.0,Active,0,0
1354317,166894,-7,12.0,12.0,Active,0,0
1451221,366845,-58,12.0,6.0,Active,0,0
2500257,336444,-30,30.0,29.0,Active,0,0
1724043,357712,-53,12.0,0.0,Completed,0,0
1133818,160021,-5,36.0,29.0,Active,0,0
2308030,388274,-6,10.0,9.0,Active,0,0
1360493,354963,-7,24.0,6.0,Active,0,0
1238551,180399,-28,18.0,18.0,Active,0,0
1217977,254778,-36,18.0,8.0,Active,0,0
2002563,240630,-58,10.0,0.0,Active,396,0
1193060,329953,-21,36.0,35.0,Active,0,0
2697330,422642,-49,36.0,34.0,Active,0,0
2572960,351046,-58,6.0,2.0,Active,0,0
1951616,425510,-83,20.0,7.0,Active,0,0
1084885,305800,-46,8.0,0.0,Completed,0,0
1543368,132574,-9,24.0,16.0,Active,0,0
2400567,228758,-12,24.0,22.0,Active,0,0
2220953,191409,-19,36.0,34.0,Active,0,0
2672963,420894,-91,10.0,5.0,Active,0,0
1179955,399265,-64,12.0,0.0,Completed,0,0
2809769,390031,-43,12.0,2.0,Active,4,4
1772637,417513,-11,24.0,21.0,Active,0,0
2306164,185087,-83,9.0,0.0,Completed,0,0
2705064,252977,-18,48.0,43.0,Active,0,0
1159036,369562,-64,24.0,20.0,Active,4,4
2794686,334114,-14,24.0,6.0,Active,0,0
2053921,289166,-21,24.0,21.0,Active,0,0
2023265,322170,-43,12.0,2.0,Active,0,0
1010913,423779,-91,4.0,4.0,Active,0,0
2789510,173101,-13,24.0,13.0,Active,0,0
2714795,116222,-27,24.0,21.0,Active,0,0
2677068,276929,-1,6.0,4.0,Active,0,0
2293994,124986,-39,6.0,6.0,Active,0,0
1385919,301618,-51,12.0,2.0,Active,0,0
2037256,382883,-86,23.0,8.0,Active,12,0
2241525,230730,-15,6.0,5.0,Active,0,0
1515576,347554,-4,24.0,18.0,Active,0,0
2257176,214702,-43,12.0,8.0,Active,0,0
2322430,155402,-10,6.0,3.0,Active,0,0
1288754,420926,-3,12.0,12.0,Active,0,0
2636148,268922,-15,24.0,10.0,Active,0,0
1687843,440358,-7,18.0,16.0,Active,0,0
2596187,319120,-40,10.0,2.0,Active,0,0
1364738,296060,-84,8.0,3.0,Active,0,0
2762056,449723,-75,6.0,3.0,Active,0,0
1288637,124362,-32,12.0,6.0,Active,0,0
1368987,374863,-89,4.0,0.0,Active,0,0
1463525,129282,-17,12.0,10.0,Active,0,0
1160708,231995,-60,6.0,1.0,Active,0,0
1394668,330191,-42,12.0,4.0,Active,0,0
1397640,154085,-14,60.0,50.0,Active,0,0
1925135,308218,-8,42.0,26.0,Active,0,0
1519600,446666,-73,10.0,10.0,Active,0,0
2178442,280752,-19,12.0,9.0,Active,0,0
1697094,327038,-7,10.0,7.0,Active,0,0
2382873,282832,-43,6.0,5.0,Active,0,0
1217781,454816,-63,10.0,1.0,Active,0,0
2099194,449744,-1,24.0,22.0,Active,0,0
2095069,348849,-20,4.0,0.0,Completed,0,0
2778339,173647,-48,12.0,2.0,Active,0,0
1685928,217705,-5,24.0,11.0,Active,0,0
1285050,456133,-21,24.0,0.0,Completed,0,0
1339969,146053,-18,12.0,12.0,Active,0,0
1474719,189354,-23,24.0,18.0,Active,0,0
1584566,374779,-36,12.0,0.0,Completed,0,0
2029691,400441,-12,24.0,13.0,Active,0,0
1569288,158046,-38,12.0,0.0,Active,0,0
1213141,257327,-13,18.0,15.0,Active,0,0
1141521,180652,-88,12.0,0.0,Completed,0,0
2726933,341376,-34,12.0,3.0,Active,0,0
1987708,448818,-36,60.0,56.0,Active,0,0
1103721,144293,-13,12.0,9.0,Active,0,0
1455163,409715,-41,12.0,11.0,Active,0,0
1152072,113609,-9,18.0,10.0,Active,0,0
1998722,327969,-21,10.0,10.0,Active,0,0
1075351,209309,-72,10.0,0.0,Active,187,0
2079694,133266,-31,6.0,2.0,Active,0,0
2309811,429384,-11,60.0,58.0,Active,0,0
1864904,407762,-14,10.0,8.0,Active,0,0
1946741,143160,-27,13.0,7.0,Active,0,0
2439198,369306,-86,12.0,7.0,Active,0,0
1133843,290463,-21,60.0,34.0,Active,0,0
1776363,278994,-47,12.0,10.0,Active,0,0
2841188,104388,-16,24.0,23.0,Active,0,0
2422184,119496,-59,6.0,0.0,Active,0,0
2665668,309236,-74,6.0,3.0,Active,0,0
1647425,430385,-57,12.0,10.0,Active,0,0
1772985,332449,-67,24.0,13.0,Active,0,0
1820353,364897,-73,12.0,1.0,Active,0,0
1536514,193288,-54,12.0,3.0,Active,0,0
1756312,313926,-9,24.0,21.0,Active,0,0
1434338,330395,-26,12.0,10.0,Active,0,0
2784210,331893,-24,12.0,6.0,Active,0,0
2301268,293377,-20,36.0,36.0,Active,0,0
1994039,113300,-24,6.0,2.0,Active,0,0
1462979,449755,-16,6.0,4.0,Active,0,0
2190093,230118,-10,12.0,0.0,Completed,0,0
1624458,165680,-26,18.0,6.0,Active,0,0
2479052,345989,-8,24.0,17.0,Active,0,0
2787856,414873,-18,12.0,7.0,Active,0,0
1375494,416155,-20,18.0,16.0,Active,0,0
2090426,168787,-11,24.0,18.0,Active,0,0
2686935,406786,-36,24.0,20.0,Active,0,0
2504944,400731,-76,12.0,3.0,Active,0,0
2023448,186307,-70,24.0,17.0,Active,0,0
1919315,347029,-41,10.0,10.0,Active,0,0
1429904,447234,-13,6.0,4.0,Active,0,0
2345816,377760,-27,36.0,33.0,Active,0,0
1170551,270574,-30,10.0,9.0,Active,0,0
2814032,239156,-37,6.0,1.0,Active,0,0
2027291,231149,-73,8.0,6.0,Active,0,0
2259530,387640,-10,6.0,3.0,Active,0,0
2784192,271875,-5,4.0,0.0,Completed,0,0
2004152,449991,-5,60.0,57.0,Active,0,0
2253214,273427,-7,12.0,8.0,Active,0,0
2809585,307021,-46,10.0,8.0,Active,0,0
2048337,195708,-3,6.0,2.0,Active,0,0
1619225,195994,-74,20.0,1.0,Active,0,0
1976658,157178,-16,12.0,6.0,Active,0,0
2388567,142812,-95,10.0,5.0,Active,0,0
2758755,279703,-18,12.0,4.0,Active,0,0
2310427,308850,-38,24.0,22.0,Active,0,0
2571611,344049,-71,12.0,6.0,Active,0,0
2703727,154653,-15,12.0,11.0,Active,0,0
1384106,160825,-2,12.0,2.0,Active,0,0
1255154,185948,-24,24.0,19.0,Active,0,0
2295305,129941,-48,16.0,0.0,Completed,0,0
2158882,208909,-85,10.0,8.0,Active,0,0
2807901,266552,-17,8.0,0.0,Active,0,0
1208963,291998,-26,36.0,8.0,Active,0,0
1369510,221750,-5,60.0,56.0,Active,0,0
1184667,439622,-34,36.0,30.0,Active,1,1
2073187,276021,-19,24.0,14.0,Active,0,0
2536316,362326,-31,8.0,7.0,Active,0,0
1522270,291189,-67,10.0,3.0,Active,0,0
2643914,300766,-28,24.0,2.0,Active,0,0
1249445,151007,-34,18.0,17.0,Active,0,0
2199378,432520,-11,12.0,5.0,Active,0,0
1434248,145695,-19,12.0,4.0,Active,0,0
1848553,305490,-44,14.0,10.0,Active,0,0
1723912,175073,-14,30.0,22.0,Active,0,0
1207867,272512,-14,12.0,6.0,Active,0,0
1610918,115769,-71,12.0,8.0,Active,0,0
1173466,174565,-75,6.0,6.0,Signed,0,0
1412714,223589,-26,24.0,5.0,Active,0,0
2449544,362651,-20,12.0,9.0,Active,0,0
2069752,296071,-15,18.0,17.0,Active,0,0
1002798,132701,-51,12.0,0.0,Active,0,0
1305526,315472,-10,24.0,18.0,Active,0,0
2600135,216258,-93,6.0,5.0,Active,0,0
1743889,121771,-26,18.0,11.0,Active,0,0
2765546,337134,-77,12.0,4.0,Active,0,0
2426956,171370,-55,60.0,36.0,Active,0,0
2776298,190300,-52,10.0,4.0,Active,0,0
1254971,446717,-66,15.0,15.0,Signed,0,0
2366583,271775,-6,18.0,7.0,Active,0,0
2605036,428236,-39,6.0,4.0,Active,0,0
2166892,175636,-26,12.0,10.0,Active,0,0
1139641,384735,-19,10.0,3.0,Active,0,0
1141398,440418,-3,9.0,0.0,Completed,0,0
1237152,429091,-21,12.0,6.0,Active,0,0
2336094,407382,-78,6.0,0.0,Active,1081,0
1083149,113240,-12,10.0,5.0,Active,0,0
1066450,141611,-7,48.0,32.0,Active,0,0
1690520,148523,-2,5.0,0.0,Completed,0,0
2543117,272848,-38,12.0,10.0,Active,0,0
1852188,251970,-66,12.0,8.0,Active,0,0
2369425,264600,-36,12.0,11.0,Active,0,0
2704391,390622,-72,10.0,0.0,Active,0,0
2051018,156198,-21,18.0,8.0,Active,0,0
2310479,419257,-72,12.0,7.0,Active,0,0
1871101,228203,-95,10.0,8.0,Active,0,0
1945310,146361,-19,30.0,17.0,Active,0,0
2348178,346004,-29,12.0,10.0,Active,0,0
1385911,330619,-90,8.0,0.0,Completed,0,0
2479534,331487,-1,12.0,10.0,Active,0,0
1930810,105296,-6,9.0,0.0,Completed,0,0
1153032,283099,-72,10.0,3.0,Active,0,0
2366545,221498,-58,10.0,5.0,Active,0,0
2542951,165032,-5,10.0,2.0,Active,0,0
1626738,312303,-56,6.0,0.0,Active,0,0
1084400,193551,-34,12.0,7.0,Active,0,0
1182705,135106,-75,10.0,6.0,Active,0,0
1392935,294330,-71,12.0,7.0,Active,0,0
1315975,189183,-17,12.0,10.0,Active,0,0
2597282,314561,-57,10.0,3.0,Active,0,0
2642791,376909,-75,16.0,6.0,Active,0,0
2578578,337590,-27,42.0,25.0,Active,0,0
1054230,348363,-8,24.0,18.0,Active,0,0
2303748,169007,-22,6.0,2.0,Active,0,0
2837384,298001,-55,24.0,20.0,Active,0,0
1762499,289793,-21,12.0,11.0,Active,0,0
2836214,452460,-36,24.0,2.0,Active,0,0
2765762,284781,-3,12.0,7.0,Active,0,0
2660771,395322,-25,60.0,2.0,Active,0,0
2737821,199732,-94,9.0,2.0,Active,0,0
2189591,190188,-49,18.0,15.0,Active,0,0
1239197,261329,-3,48.0,31.0,Active,0,0
2464217,275050,-64,6.0,0.0,Active,95,0
2130687,401074,-17,24.0,1.0,Active,0,0
2738535,139855,-6,24.0,12.0,Active,0,0
2429449,136203,-30,18.0,15.0,Active,9,9
2429440,346326,-54,10.0,3.0,Active,0,0
2717618,228166,-11,24.0,24.0,Active,0,0
2597460,251716,-20,18.0,13.0,Active,0,0
2741355,332456,-83,12.0,6.0,Active,0,0
1945113,143932,-26,12.0,8.0,Active,0,0
1730151,140009,-22,24.0,3.0,Active,0,0
2716880,299757,-34,36.0,36.0,Active,0,0
1674891,374396,-11,36.0,29.0,Active,0,0
1220169,296795,-7,18.0,0.0,Active,1,1
2447879,153510,-22,12.0,4.0,Active,0,0
1283298,188591,-32,12.0,0.0,Completed,0,0
1179873,413650,-59,6.0,0.0,Active,1030,0
1811900,141369,-46,24.0,24.0,Active,0,0
1165337,338701,-11,36.0,25.0,Active,0,0
1074933,151738,-32,10.0,2.0,Active,0,0
2453836,234300,-38,18.0,8.0,Active,0,0
2559888,217660,-28,24.0,19.0,Active,0,0
2631422,113928,-15,18.0,12.0,Active,0,0
1739437,431986,-96,12.0,5.0,Active,0,0
2159423,201348,-48,12.0,4.0,Active,0,0
2613756,296474,-33,18.0,17.0,Active,0,0
1853729,140893,-54,12.0,0.0,Completed,0,0
1577746,222024,-31,24.0,9.0,Active,0,0
1869286,157116,-18,18.0,18.0,Active,0,0
2317818,409097,-11,12.0,11.0,Active,0,0
1620512,124858,-3,30.0,15.0,Active,0,0
2379265,307204,-76,10.0,9.0,Active,0,0
1312297,228886,-34,24.0,9.0,Active,0,0
2416409,242735,-30,24.0,23.0,Active,0,0
1899390,127045,-2,18.0,13.0,Active,0,0
2642554,244145,-20,24.0,11.0,Active,0,0
2428630,143401,-83,4.0,3.0,Active,0,0
2814498,215863,-33,10.0,9.0,Active,0,0
2744958,164862,-21,12.0,10.0,Active,0,0
1664100,362265,-6,24.0,13.0,Active,0,0
2229600,268411,-19,12.0,12.0,Active,0,0
2286981,386200,-81,8.0,5.0,Active,0,0
1309785,257821,-34,12.0,1.0,Active,0,0
2242390,236987,-14,12.0,9.0,Active,0,0
1594766,443761,-80,8.0,0.0,Active,739,0
1514044,163034,-29,18.0,11.0,Active,0,0
2466398,449629,-40,10.0,1.0,Active,0,0
1698793,253232,-26,5.0,0.0,Completed,0,0
1484786,203173,-45,24.0,17.0,Active,0,0
1618406,292553,-67,6.0,2.0,Active,0,0
1132270,437409,-9,14.0,3.0,Active,0,0
1435328,393872,-53,12.0,2.0,Active,0,0
1037596,395829,-8,30.0,23.0,Active,0,0
2452706,428326,-14,24.0,12.0,Active,0,0
2286247,362714,-16,10.0,7.0,Active,0,0
1430717,382123,-2,36.0,27.0,Active,0,0
1459842,292378,-27,18.0,17.0,Active,0,0
2233511,208340,-9,60.0,53.0,Active,0,0
1340579,292768,-58,10.0,3.0,Active,0,0
1205399,225479,-88,6.0,0.0,Active,0,0
1738589,287931,-3,24.0,15.0,Active,0,0
2110791,291118,-88,11.0,8.0,Active,0,0
1209600,286914,-50,24.0,7.0,Active,0,0
2178551,253122,-52,18.0,0.0,Completed,0,0
2080810,290339,-7,24.0,11.0,Active,0,0
2720985,437137,-79,10.0,6.0,Active,0,0
2386128,218220,-3,14.0,1.0,Active,0,0
1132893,382714,-76,6.0,5.0,Active,0,0
1544765,377193,-17,6.0,6.0,Active,0,0
1373020,301293,-40,30.0,20.0,Active,0,0
1509696,283222,-29,6.0,6.0,Active,0,0
1523516,325553,-64,16.0,1.0,Active,0,0
2200811,331772,-80,23.0,15.0,Active,0,0
2107959,407321,-6,24.0,22.0,Active,0,0
1282416,277649,-54,12.0,2.0,Active,0,0
2057618,287763,-6,24.0,23.0,Active,0,0
2506538,369064,-28,24.0,21.0,Active,0,0
2633347,358231,-61,6.0,2.0,Active,0,0
2158028,373328,-73,12.0,8.0,Active,0,0
1871437,186537,-70,12.0,6.0,Active,11,11
1747115,366923,-8,12.0,3.0,Active,0,0
2630149,282202,-20,24.0,21.0,Active,0,0
2229893,217864,-20,24.0,19.0,Active,0,0
1374715,137188,-24,14.0,7.0,Active,0,0
1518070,136586,-70,10.0,1.0,Active,0,0
2428212,386107,-11,12.0,8.0,Active,0,0
2120605,235728,-51,14.0,13.0,Active,0,0
1121638,402065,-46,60.0,23.0,Active,0,0
2729395,439551,-31,13.0,0.0,Completed,0,0
2294331,143588,-9,24.0,17.0,Active,0,0
2833269,197514,-3,30.0,14.0,Active,0,0
1481991,288848,-17,6.0,6.0,Active,0,0
2674117,350591,-61,7.0,0.0,Completed,0,0
1469780,282407,-44,12.0,2.0,Active,0,0
1981012,335032,-32,12.0,12.0,Active,0,0
1159323,299497,-82,6.0,4.0,Active,0,0
2714483,212552,-21,36.0,21.0,Active,0,0
1532848,377459,-18,12.0,3.0,Active,0,0
2611198,357243,-94,9.0,2.0,Active,0,0
2661072,208485,-81,10.0,10.0,Active,0,0
1547805,425432,-43,10.0,10.0,Signed,0,0
2267997,130744,-30,10.0,6.0,Active,0,0
2755879,219546,-53,4.0,4.0,Active,0,0
1460828,455688,-8,60.0,44.0,Active,0,0
1248650,139470,-11,6.0,6.0,Signed,0,0
2110867,282261,-57,12.0,0.0,Active,79,0
1436498,215909,-83,6.0,0.0,Completed,0,0
1117411,257151,-36,24.0,24.0,Active,0,0
1266150,446911,-88,6.0,6.0,Active,0,0
1030621,430351,-37,12.0,10.0,Active,0,0
2368645,222471,-15,48.0,43.0,Active,0,0
2644156,160709,-58,12.0,9.0,Active,1,1
2449854,351463,-8,19.0,0.0,Completed,0,0
2824265,417147,-47,12.0,7.0,Active,0,0
1276999,374152,-48,13.0,15.0,Active,0,0
2128443,317271,-2,36.0,36.0,Active,0,0
2435685,361577,-49,12.0,8.0,Active,0,0
2421694,114830,-14,24.0,14.0,Active,0,0
2697736,420703,-42,24.0,3.0,Active,0,0
1573807,105018,-28,12.0,10.0,Active,0,0
2087164,309353,-1,24.0,11.0,Active,0,0
2572349,243232,-17,12.0,5.0,Active,0,0
1368736,388320,-40,18.0,15.0,Active,0,0
1327192,366198,-20,18.0,14.0,Active,0,0
2783563,297261,-73,10.0,10.0,Active,0,0
2428374,430184,-3,36.0,35.0,Active,0,0
1710374,231789,-14,10.0,2.0,Active,0,0
2541228,371120,-17,10.0,8.0,Active,0,0
1635150,141143,-15,12.0,9.0,Active,0,0
2702282,257035,-23,12.0,11.0,Active,0,0
2701358,145088,-3,60.0,49.0,Active,0,0
1987697,362540,-30,12.0,0.0,Active,0,0
2660425,207426,-24,10.0,10.0,Active,0,0
2198566,368665,-12,36.0,24.0,Active,0,0
2432004,210080,-29,3.0,0.0,Completed,0,0
1211866,216088,-94,5.0,4.0,Active,0,0
