PREV_NAME_GOODS_CATEGORY_Education_MEAN,POS_NAME_CONTRACT_STATUS_Demand_MEAN,PREV_NAME_CASH_LOAN_PURPOSE_Buying a home_MEAN,PREV_NAME_CASH_LOAN_PURPOSE_Payments on other loans_MEAN,PREV_CHANNEL_TYPE_Car dealer_MEAN,PREV_NAME_CASH_LOAN_PURPOSE_Buying a new car_MEAN,PREV_NAME_CASH_LOAN_PURPOSE_Furniture_MEAN,REGION_POPULATION_RELATIVE,PREV_NAME_GOODS_CATEGORY_Fitness_MEAN,PREV_NAME_CASH_LOAN_PURPOSE_Car repairs_MEAN,PREV_NAME_CASH_LOAN_PURPOSE_Wedding / gift / holiday_MEAN,PREV_NAME_GOODS_CATEGORY_Direct Sales_MEAN,PREV_NAME_SELLER_INDUSTRY_Tourism_MEAN,PREV_NAME_CASH_LOAN_PURPOSE_Purchase of electronic equipment_MEAN,PREV_NAME_CASH_LOAN_PURPOSE_Journey_MEAN,PREV_NAME_CASH_LOAN_PURPOSE_Education_MEAN,PREV_NAME_PAYMENT_TYPE_Cashless from the account of the employer_MEAN,PREV_NAME_CLIENT_TYPE_XNA_MEAN,PREV_CODE_REJECT_REASON_VERIF_MEAN,PREV_CODE_REJECT_REASON_XNA_MEAN,PREV_NAME_CASH_LOAN_PURPOSE_Building a house or an annex_MEAN,PREV_NAME_CASH_LOAN_PURPOSE_Everyday expenses_MEAN,PREV_NAME_CASH_LOAN_PURPOSE_Medicine_MEAN,PREV_NAME_CASH_LOAN_PURPOSE_Buying a used car_MEAN,PAYMENT_RATE,PREV_NAME_SELLER_INDUSTRY_MLM partners_MEAN,PREV_NAME_TYPE_SUITE_Group of people_MEAN,PREV_FLAG_LAST_APPL_PER_CONTRACT_N_MEAN,PREV_NAME_GOODS_CATEGORY_Other_MEAN,PREV_NAME_GOODS_CATEGORY_Office Appliances_MEAN,POS_NAME_CONTRACT_STATUS_Signed_MEAN,PREV_NAME_GOODS_CATEGORY_Tourism_MEAN,PREV_NAME_SELLER_INDUSTRY_Jewelry_MEAN,PREV_NAME_GOODS_CATEGORY_Medicine_MEAN,PREV_NAME_GOODS_CATEGORY_Sport and Leisure_MEAN,PREV_NAME_GOODS_CATEGORY_Gardening_MEAN,PREV_PRODUCT_COMBINATION_POS others without interest_MEAN,PREV_NAME_GOODS_CATEGORY_Vehicles_MEAN,PREV_CODE_REJECT_REASON_SCOFR_MEAN,PREV_NAME_CASH_LOAN_PURPOSE_Urgent needs_MEAN,PREV_CHANNEL_TYPE_Channel of corporate sales_MEAN,PREV_NAME_SELLER_INDUSTRY_Auto technology_MEAN,PREV_NAME_GOODS_CATEGORY_Jewelry_MEAN,PREV_NAME_GOODS_CATEGORY_Medical Supplies_MEAN,PREV_NAME_CASH_LOAN_PURPOSE_Other_MEAN,PREV_NAME_GOODS_CATEGORY_Homewares_MEAN,PREV_NAME_TYPE_SUITE_Other_A_MEAN,PREV_NAME_PAYMENT_TYPE_Non-cash from your account_MEAN,PREV_NAME_GOODS_CATEGORY_Auto Accessories_MEAN,PREV_NAME_CONTRACT_STATUS_Unused offer_MEAN,PREV_NAME_CASH_LOAN_PURPOSE_Repairs_MEAN,PREV_CODE_REJECT_REASON_SCO_MEAN,POS_NAME_CONTRACT_STATUS_Active_MEAN,PREV_PRODUCT_COMBINATION_Cash Street: low_MEAN,PREV_NAME_TYPE_SUITE_Other_B_MEAN,PREV_PRODUCT_COMBINATION_POS industry without interest_MEAN,PREV_PRODUCT_COMBINATION_Cash Street: middle_MEAN,PREV_PRODUCT_COMBINATION_Cash X-Sell: high_MEAN,PREV_CODE_REJECT_REASON_LIMIT_MEAN,PREV_NAME_GOODS_CATEGORY_Photo / Cinema Equipment_MEAN,PREV_PRODUCT_COMBINATION_Card X-Sell_MEAN,ANNUITY_INCOME_PERC,PREV_NAME_TYPE_SUITE_Children_MEAN,PREV_NAME_SELLER_INDUSTRY_Industry_MEAN,PREV_PRODUCT_COMBINATION_POS mobile without interest_MEAN,PREV_CHANNEL_TYPE_Contact center_MEAN,PREV_PRODUCT_COMBINATION_POS other with interest_MEAN,PREV_NAME_SELLER_INDUSTRY_Clothing_MEAN,NAME_EDUCATION_TYPE_Lower secondary,PREV_PRODUCT_COMBINATION_Cash X-Sell: low_MEAN,PREV_PRODUCT_COMBINATION_Cash Street: high_MEAN,PREV_NAME_SELLER_INDUSTRY_Construction_MEAN,PREV_CHANNEL_TYPE_AP+ (Cash loan)_MEAN,PREV_PRODUCT_COMBINATION_Cash X-Sell: middle_MEAN,FONDKAPREMONT_MODE_org spec account,FONDKAPREMONT_MODE_not specified,OCCUPATION_TYPE_Cooking staff,"PREV_NAME_TYPE_SUITE_Spouse, partner_MEAN",OCCUPATION_TYPE_Security staff,PREV_NAME_SELLER_INDUSTRY_Furniture_MEAN,PREV_NAME_CONTRACT_TYPE_Revolving loans_MEAN,ORGANIZATION_TYPE_School,OCCUPATION_TYPE_Accountants,PREV_NAME_PRODUCT_TYPE_walk-in_MEAN,PREV_NAME_YIELD_GROUP_low_action_MEAN,ORGANIZATION_TYPE_Government,PREV_NAME_GOODS_CATEGORY_Audio/Video_MEAN,ORGANIZATION_TYPE_Medicine,"NAME_TYPE_SUITE_Spouse, partner",EXT_SOURCE_2,PREV_NAME_GOODS_CATEGORY_Computers_MEAN,PREV_NAME_CLIENT_TYPE_Refreshed_MEAN,PREV_NAME_GOODS_CATEGORY_Consumer Electronics_MEAN,PREV_PRODUCT_COMBINATION_POS industry with interest_MEAN,PREV_CHANNEL_TYPE_Regional / Local_MEAN,REG_REGION_NOT_WORK_REGION,PREV_WEEKDAY_APPR_PROCESS_START_SUNDAY_MEAN,NAME_FAMILY_STATUS_Widow,WEEKDAY_APPR_PROCESS_START_SUNDAY,PREV_WEEKDAY_APPR_PROCESS_START_THURSDAY_MEAN,PREV_WEEKDAY_APPR_PROCESS_START_MONDAY_MEAN,PREV_WEEKDAY_APPR_PROCESS_START_TUESDAY_MEAN,PREV_WEEKDAY_APPR_PROCESS_START_FRIDAY_MEAN,PREV_WEEKDAY_APPR_PROCESS_START_WEDNESDAY_MEAN,PREV_NAME_TYPE_SUITE_Family_MEAN,PREV_WEEKDAY_APPR_PROCESS_START_SATURDAY_MEAN,OCCUPATION_TYPE_Managers,PREV_NAME_CONTRACT_STATUS_Approved_MEAN,NAME_INCOME_TYPE_State servant,PREV_NAME_YIELD_GROUP_low_normal_MEAN,FLAG_DOCUMENT_8,APPROVED_APP_CREDIT_PERC_MAX,PREV_CHANNEL_TYPE_Stone_MEAN,FLAG_DOCUMENT_6,PREV_NAME_YIELD_GROUP_high_MEAN,OCCUPATION_TYPE_Core staff,PREV_NAME_YIELD_GROUP_middle_MEAN,PREV_NAME_TYPE_SUITE_Unaccompanied_MEAN,PREV_NAME_PAYMENT_TYPE_Cash through the bank_MEAN,NAME_CONTRACT_TYPE_Cash loans,NAME_CONTRACT_TYPE_Revolving loans,NAME_FAMILY_STATUS_Civil marriage,PREV_NAME_SELLER_INDUSTRY_Connectivity_MEAN,OCCUPATION_TYPE_Sales staff,WEEKDAY_APPR_PROCESS_START_SATURDAY,NAME_HOUSING_TYPE_House / apartment,PREV_NAME_TYPE_SUITE_nan_MEAN,PREV_NAME_SELLER_INDUSTRY_Consumer electronics_MEAN,ORGANIZATION_TYPE_Self-employed,NAME_TYPE_SUITE_Family,PREV_NAME_GOODS_CATEGORY_XNA_MEAN,PREV_APP_CREDIT_PERC_MIN,PREV_NAME_CLIENT_TYPE_Repeater_MEAN,PREV_CHANNEL_TYPE_Country-wide_MEAN,OCCUPATION_TYPE_Laborers,LIVE_CITY_NOT_WORK_CITY,NAME_INCOME_TYPE_Pensioner,ORGANIZATION_TYPE_XNA,FLAG_EMP_PHONE,NAME_TYPE_SUITE_Unaccompanied,FLAG_WORK_PHONE,"WALLSMATERIAL_MODE_Stone, brick",WALLSMATERIAL_MODE_Panel,ORGANIZATION_TYPE_Business Entity Type 3,REG_CITY_NOT_WORK_CITY,NAME_INCOME_TYPE_Commercial associate,FONDKAPREMONT_MODE_reg oper account,NAME_EDUCATION_TYPE_Higher education,DEF_30_CNT_SOCIAL_CIRCLE,FLAG_PHONE,NAME_EDUCATION_TYPE_Secondary / secondary special,FLAG_DOCUMENT_3,FLAG_OWN_REALTY,FLAG_OWN_CAR,CODE_GENDER,NAME_FAMILY_STATUS_Married,EMERGENCYSTATE_MODE_No,NAME_INCOME_TYPE_Working,HOUSETYPE_MODE_block of flats,REGION_RATING_CLIENT,CNT_FAM_MEMBERS,INSTAL_NUM_INSTALMENT_VERSION_NUNIQUE,OBS_30_CNT_SOCIAL_CIRCLE,APPROVED_HOUR_APPR_PROCESS_START_MIN,APPROVED_HOUR_APPR_PROCESS_START_MAX,HOUR_APPR_PROCESS_START,PREV_CNT_PAYMENT_MEAN,INSTAL_DPD_MEAN,INSTAL_DBD_MEAN,INSTAL_DBD_MAX,POS_SK_DPD_DEF_MAX,PREV_CNT_PAYMENT_SUM,INSTAL_DPD_MAX,POS_SK_DPD_MAX,INSTAL_DPD_SUM,INSTAL_DBD_SUM,DAYS_LAST_PHONE_CHANGE,PREV_DAYS_DECISION_MIN,DAYS_ID_PUBLISH,DAYS_REGISTRATION,DAYS_BIRTH,INSTAL_AMT_PAYMENT_MIN,INSTAL_PAYMENT_DIFF_MAX,INSTAL_AMT_PAYMENT_MEAN,INSTAL_DAYS_ENTRY_PAYMENT_SUM,APPROVED_AMT_CREDIT_MIN,INSTAL_PAYMENT_DIFF_SUM,AMT_INCOME_TOTAL,AMT_CREDIT,INSTAL_AMT_PAYMENT_SUM,INSTAL_PAYMENT_PERC_VAR,INSTAL_PAYMENT_DIFF_VAR,prediction,score
0.0,0.0,0.0,0.0,0.0,0.0,0.0,0.003069,0.0,0.0,0.0,0.0,0.0,0.0,0.0,0.0,0.0,0.0,0.0,0.0,0.0,0.0,0.0,0.0,0.03110475509474437,0.0,0.0,0.0,0.0,0.0,0.0,0.0,0.0,0.0,0.0,0.0,0.0,0.0,0.0,0.0,0.0,0.0,0.0,0.0,0.0,0.0,0.0,0.0,0.0,0.0,0.0,0.0,0.96,0.0,0.0,0.0,0.0,0.0,0.0,0.0,0.0,0.174,0.0,0.0,0.0,0.0,0.0,0.0,0,0.5,0.0,0.0,0.0,0.25,0,0,0,0.0,0,0.0,0.0,1,0,0.0,0.25,0,0.0,0,0,0.6182901459407688,0.0,0.0,0.25,0.0,0.0,0,0.25,0,0,0.0,0.25,0.5,0.0,0.0,0.5,0.0,0,0.75,1,0.5,0,0.9451093964126348,0.25,0,0.0,0,0.25,0.25,1.0,1,0,0,0.0,0,0,1,0.25,0.25,0,0,0.75,0.83472133247918,0.75,0.0,0,1,0,0,1,1,0,0,0,0,1,0,0,1,1.0,0,0,1,0,1,1,1,0,0,0,3,2.0,1.0,1.0,9.0,14.0,15,24.0,0.08108108108108109,4.202702702702703,31.0,0.0,96.0,2.0,0.0,6.0,311.0,-1773.0,-1773.0,-4316,-211.0,-21434,232.74,35664.12,37669.4702027027,-70607.0,126441.0,45197.64,360000.0,2013840.0,2787540.795,0.023273840622933785,17663487.396281008,0.0,0.49962657325628995
0.0,0.0,0.0,0.0,0.0,0.0,0.0,0.00702,0.0,0.0,0.0,0.0,0.0,0.0,0.0,0.0,0.0,0.0,0.0,0.0,0.0,0.0,0.0,0.0,0.036039837947332884,0.0,0.0,0.0,0.0,0.0,0.0,0.0,0.0,0.0,0.0,0.0,0.0,0.0,0.0,0.0,0.0,0.0,0.0,0.0,0.0,0.0,0.0,0.0,0.0,0.0,0.0,0.0,0.8888888888888888,0.0,0.0,0.0,0.0,0.0,0.0,0.0,0.0,0.2846666666666667,0.0,0.0,0.0,0.0,0.0,0.0,0,0.0,0.0,0.0,0.0,0.0,0,0,0,0.0,0,0.0,0.0,0,0,0.0,0.0,0,0.0,0,0,0.2865188401271476,0.0,0.0,1.0,0.0,1.0,0,0.0,0,0,0.0,0.0,0.0,0.0,1.0,0.0,0.0,0,1.0,0,1.0,0,1.0380404267265582,0.0,0,0.0,0,0.0,1.0,1.0,1,0,0,0.0,0,0,1,0.0,1.0,0,0,0.0,1.0380404267265582,0.0,0.0,0,0,1,1,0,1,0,0,0,0,0,0,0,0,1.0,0,1,1,0,0,1,1,0,0,0,2,2.0,1.0,3.0,15.0,15.0,10,8.0,0.0,8.375,11.0,0.0,8.0,0.0,0.0,0.0,67.0,-440.0,-440.0,-1658,-1377.0,-22641,8905.41,0.0,8908.205624999999,-2507.0,64116.0,0.0,135000.0,1066320.0,71265.64499999999,0.0,0.0,0.0,0.4997430626642571
0.0,0.0,0.0,0.0,0.0,0.0,0.0,0.02461,0.0,0.0,0.0,0.0,0.0,0.0,0.0,0.0,0.0,0.0,0.0,0.0,0.0,0.0,0.0,0.0,0.051180832955546623,0.0,0.0,0.0,0.0,0.0,0.034482758620689655,0.0,0.3333333333333333,0.0,0.0,0.0,0.0,0.0,0.0,0.0,0.0,0.0,0.3333333333333333,0.0,0.0,0.0,0.0,0.0,0.0,0.16666666666666666,0.0,0.16666666666666666,0.896551724137931,0.0,0.0,0.3333333333333333,0.0,0.0,0.0,0.0,0.0,0.23934,0.0,0.0,0.0,0.0,0.0,0.16666666666666666,0,0.0,0.0,0.0,0.0,0.0,0,0,0,0.0,0,0.0,0.0,0,0,0.0,0.3333333333333333,0,0.0,0,0,0.5774675369743836,0.0,0.0,0.0,0.16666666666666666,0.0,0,0.0,0,0,0.0,0.0,0.16666666666666666,0.16666666666666666,0.5,0.3333333333333333,0.16666666666666666,0,0.5,0,0.16666666666666666,0,1.1913075104564466,0.16666666666666666,0,0.16666666666666666,0,0.0,0.3333333333333333,0.8333333333333334,1,0,0,0.3333333333333333,1,0,1,0.3333333333333333,0.0,1,0,0.16666666666666666,0.9044992242716773,0.8333333333333334,0.6666666666666666,0,1,0,0,1,1,0,1,0,0,1,0,0,1,0.0,0,0,1,1,1,1,1,1,1,1,2,3.0,2.0,1.0,9.0,15.0,14,10.5,0.0,8.68,17.0,0.0,42.0,0.0,0.0,0.0,217.0,-1760.0,-1760.0,-3474,-2939.0,-10903,5006.025,0.0,11060.236799999999,-21029.0,24745.5,0.0,225000.0,1052181.0,276505.92,0.0,0.0,0.0,0.49955527905753105
0.0,0.0,0.0,0.0,0.0,0.0,0.0,0.031329,0.0,0.0,0.0,0.0,0.0,0.0,0.0,0.0,0.0,0.0,0.0,0.0,0.0,0.0,0.0,0.0,0.07017614738202974,0.0,0.0,0.0,0.0,0.0,0.0,0.0,0.0,0.0,0.0,0.0,0.0,0.0,0.0,0.0,0.0,0.0,0.0,0.0,0.0,0.0,0.0,0.0,0.0,0.0,0.0,0.0,1.0,0.0,0.0,0.0,0.0,0.0,0.0,0.0,0.0,0.08685,0.0,0.0,0.0,0.4444444444444444,0.0,0.0,0,0.1111111111111111,0.0,0.0,0.0,0.1111111111111111,0,0,0,0.0,0,0.0,0.1111111111111111,0,0,0.0,0.1111111111111111,0,0.1111111111111111,0,0,0.3867630349328386,0.0,0.0,0.0,0.0,0.0,0,0.0,1,0,0.2222222222222222,0.0,0.1111111111111111,0.6666666666666666,0.0,0.0,0.0,0,0.3333333333333333,0,0.0,0,1.11,0.1111111111111111,0,0.0,0,0.1111111111111111,0.2222222222222222,0.1111111111111111,1,0,0,0.0,0,1,1,0.7777777777777778,0.1111111111111111,0,0,0.8888888888888888,1.0,0.8888888888888888,0.0,0,0,0,0,1,1,0,0,1,0,0,0,1,0,0.0,0,1,1,0,0,1,0,1,1,1,2,1.0,2.0,6.0,8.0,12.0,9,10.0,0.024193548387096774,2.274193548387097,30.0,0.0,30.0,1.0,0.0,3.0,282.0,-2664.0,-2664.0,-4945,-8200.0,-21506,2.115,84.19500000000001,2880.45,-155799.0,36000.0,121.14000000000001,180000.0,222768.0,357175.8,0.0179914167747503,59.99432183320221,0.0,0.4998567367022466
0.0,0.0,0.0,0.0,0.0,0.0,0.0,0.00963,0.0,0.0,0.0,0.0,0.0,0.0,0.0,0.0,0.0,0.0,0.0,0.0,0.0,0.0,0.0,0.0,0.05451331737243753,0.0,0.0,0.0,0.0,0.0,0.0,0.0,0.0,0.0,0.0,0.0,0.0,0.0,0.0,0.0,0.0,0.0,0.0,0.0,0.0,0.0,0.0,0.0,0.0,0.13333333333333333,0.0,0.0,0.8421052631578947,0.0,0.06666666666666667,0.0,0.0,0.0,0.0,0.0,0.0,0.10598181818181818,0.0,0.0,0.06666666666666667,0.0,0.0,0.0,0,0.13333333333333333,0.0,0.0,0.0,0.0,0,0,0,0.0,0,0.0,0.06666666666666667,0,0,0.06666666666666667,0.0,0,0.13333333333333333,0,0,0.5440652475120783,0.06666666666666667,0.0,0.06666666666666667,0.06666666666666667,0.13333333333333333,1,0.06666666666666667,0,0,0.0,0.13333333333333333,0.0,0.26666666666666666,0.3333333333333333,0.0,0.2,0,0.5333333333333333,0,0.13333333333333333,1,1.5413264289982076,0.13333333333333333,0,0.2,0,0.3333333333333333,0.3333333333333333,0.8,1,0,0,0.4,0,0,0,0.6,0.3333333333333333,0,0,0.3333333333333333,0.7163323782234957,0.9333333333333333,0.4666666666666667,0,0,0,0,1,1,0,0,0,1,1,0,0,0,0.0,1,1,0,0,1,1,1,0,1,0,2,2.0,3.0,1.0,10.0,16.0,16,16.181818181818183,0.22093023255813954,6.313953488372093,60.0,5.0,178.0,6.0,5.0,19.0,543.0,-1481.0,-1481.0,-2649,-1047.0,-13987,1.71,18157.995,27365.02377906977,-42836.0,22594.5,38605.275,247500.0,481176.0,2353392.045,0.023145813397077275,4960442.985646979,1.0,0.5001611299975288
0.0,0.0,0.0,0.0,0.0,0.0,0.0,0.025164,0.0,0.0,0.0,0.0,0.0,0.0,0.0,0.0,0.0,0.0,0.0,0.0,0.0,0.0,0.0,0.0,0.06445549817739976,0.0,0.0,0.0,0.0,0.0,0.0,0.0,0.0,0.0,0.0,0.0,0.0,0.0,0.0,0.0,0.0,0.0,0.0,0.0,0.0,0.0,0.0,0.0,0.0,0.0,0.0,0.0,0.9538461538461539,0.0,0.0,0.0,0.0,0.0,0.1,0.0,0.0,0.22633333333333333,0.1,0.0,0.0,0.1,0.0,0.0,0,0.1,0.0,0.0,0.0,0.2,0,0,0,0.1,0,0.0,0.1,0,0,0.0,0.0,0,0.1,0,0,0.5096060369562001,0.3,0.0,0.0,0.0,0.2,0,0.0,0,0,0.0,0.1,0.1,0.3,0.0,0.3,0.5,0,0.5,0,0.2,0,1.1111678583588696,0.1,0,0.1,0,0.4,0.2,0.5,1,0,0,0.0,0,0,1,0.3,0.5,0,1,0.6,0.0,0.9,0.2,1,0,0,0,1,0,1,0,0,1,0,0,0,0,1.0,0,1,1,0,0,1,1,0,1,0,2,2.0,3.0,4.0,9.0,17.0,12,18.25,0.43478260869565216,9.68944099378882,39.0,0.0,146.0,18.0,0.0,70.0,1560.0,-2652.0,-2854.0,-997,-7079.0,-17463,130.5,0.0,9388.27397515528,-200414.0,79299.0,0.0,67500.0,237024.0,1511512.11,0.0,0.0,0.0,0.49995690252664526
0.0,0.0,0.0,0.0,0.0,0.0,0.0,0.018029,0.0,0.0,0.0,0.0,0.0,0.0,0.0,0.0,0.0,0.0,0.0,0.0,0.0,0.0,0.0,0.0,0.04260118902190732,0.0,0.0,0.0,0.0,0.0,0.0,0.0,0.0,0.0,0.0,0.0,0.0,0.0,0.0,0.0,0.0,0.0,0.0,0.0,0.0,0.0,0.0,0.0,0.0,0.0,0.0,0.0,0.9464285714285714,0.1111111111111111,0.0,0.0,0.0,0.0,0.0,0.0,0.0,0.2011923076923077,0.0,0.0,0.0,0.0,0.0,0.0,0,0.2222222222222222,0.0,0.0,0.0,0.0,0,0,0,0.0,0,0.0,0.0,0,0,0.0,0.3333333333333333,0,0.0,0,0,0.626046980839065,0.1111111111111111,0.0,0.2222222222222222,0.0,0.0,0,0.3333333333333333,0,0,0.3333333333333333,0.0,0.1111111111111111,0.1111111111111111,0.1111111111111111,0.0,0.0,0,0.5555555555555556,0,0.1111111111111111,0,1.0849474912485415,0.0,1,0.0,0,0.2222222222222222,0.5555555555555556,0.4444444444444444,1,0,0,0.0,0,0,1,0.4444444444444444,0.3333333333333333,0,0,0.6666666666666666,0.8782698084772997,0.8888888888888888,0.3333333333333333,0,0,1,1,0,0,0,0,0,0,0,0,0,0,0.0,0,1,0,0,0,1,0,1,0,1,3,1.0,7.0,0.0,5.0,12.0,8,25.666666666666668,0.13559322033898305,25.76271186440678,69.0,0.0,154.0,3.0,0.0,8.0,1520.0,-231.0,-1721.0,-3641,-9609.0,-20116,3.285,23473.035,26219.390338983052,-46036.0,77130.0,-247148.99999999994,117000.0,552555.0,1546944.03,1.0951550886660912,606275716.1192541,0.0,0.4997263043482099
0.0,0.0,0.0,0.0,0.0,0.0,0.0,0.008575,0.0,0.0,0.0,0.0,0.0,0.0,0.0,0.0,0.0,0.0,0.0,0.0,0.0,0.0,0.0,0.125,0.07900666666666667,0.0,0.0,0.0,0.0,0.0,0.0,0.0,0.0,0.0,0.0,0.0,0.0,0.0,0.25,0.0,0.0,0.0,0.0,0.0,0.0,0.0,0.0,0.0,0.0,0.0,0.125,0.0,0.9444444444444444,0.125,0.0,0.0,0.0,0.0,0.0,0.0,0.125,0.1394235294117647,0.0,0.0,0.0,0.0,0.0,0.0,0,0.0,0.0,0.0,0.0,0.125,0,0,0,0.0,0,0.0,0.375,0,0,0.375,0.0,0,0.0,0,0,0.6595338573765563,0.0,0.0,0.125,0.0,0.0,0,0.0,0,0,0.5,0.25,0.0,0.125,0.0,0.0,0.125,0,0.375,0,0.125,1,0.9451073601743823,0.0,0,0.125,0,0.125,0.375,0.375,1,0,0,0.0,0,1,1,0.625,0.125,1,0,0.875,0.0,0.875,0.125,1,0,0,0,1,1,0,0,0,0,1,0,0,0,0.0,1,0,0,1,0,0,1,0,1,0,2,2.0,3.0,0.0,12.0,16.0,9,12.0,0.15517241379310345,2.413793103448276,27.0,0.0,72.0,18.0,18.0,18.0,280.0,-1988.0,-1988.0,-4040,-8.0,-13834,36.585,11070.27,60277.36034482758,-65640.0,91075.5,11205.27,382500.0,675000.0,6992173.8,0.008413685298537775,1056406.1362431413,1.0,0.5001592591429727
0.0,0.0,0.0,0.0,0.0,0.0,0.0,0.018209,0.0,0.0,0.0,0.0,0.0,0.0,0.0,0.0,0.0,0.0,0.0,0.0,0.0,0.0,0.0,0.0,0.03226,0.0,0.0,0.0,0.0,0.0,0.014492753623188406,0.0,0.0,0.0,0.0,0.0,0.0,0.0,0.0,0.0,0.0,0.0,0.0,0.0,0.0,0.0,0.0,0.0,0.0,0.0,0.0,0.0,0.927536231884058,0.0,0.0,0.0,0.0,0.0,0.0,0.0,0.0,0.05562068965517242,0.0,0.0,0.0,0.0,0.0,0.0,0,0.0,0.2,0.0,0.0,0.4,0,0,0,0.2,0,0.0,0.0,0,0,0.0,0.0,0,0.2,0,0,0.2840220318056626,0.2,0.0,0.0,0.0,0.2,0,0.2,0,0,0.0,0.2,0.2,0.2,0.0,0.2,0.2,0,1.0,0,0.0,0,1.0110216193302246,0.0,0,0.4,0,0.6,0.4,0.8,1,0,1,0.0,0,0,1,0.2,0.6,0,0,0.6,0.9099131693198264,1.0,0.4,0,1,0,0,1,1,0,1,0,0,1,1,1,1,0.0,0,0,1,0,1,1,0,1,0,1,3,2.0,4.0,0.0,10.0,15.0,15,19.2,1.6363636363636365,8.2987012987013,51.0,16.0,96.0,26.0,16.0,126.0,639.0,-2103.0,-2746.0,-1112,-952.0,-11698,0.045,7928.6849999999995,8786.024415584416,-145031.0,24876.0,-84774.42000000003,391500.0,675000.0,676523.88,2.7156074096830953,213012172.47599345,0.0,0.4998974132250557
0.0,0.0,0.0,0.0,0.0,0.0,0.0,0.04622,0.0,0.0,0.0,0.0,0.0,0.0,0.0,0.0,0.0,0.0,0.0,0.0,0.0,0.0,0.0,0.0,0.0791737794469102,0.0,0.0,0.0,0.0,0.0,0.0,0.0,0.0,0.0,0.0,0.0,0.0,0.0,0.0,0.0,0.0,0.0,0.0,0.0,0.0,0.0,0.0,0.0,0.0,0.16666666666666666,0.0,0.0,0.8571428571428571,0.0,0.0,0.0,0.0,0.0,0.16666666666666666,0.3333333333333333,0.0,0.19877142857142857,0.0,0.0,0.0,0.3333333333333333,0.0,0.0,0,0.0,0.0,0.0,0.0,0.0,0,0,0,0.0,0,0.0,0.0,0,0,0.0,0.3333333333333333,0,0.0,0,0,0.38715728274082,0.3333333333333333,0.0,0.0,0.0,0.0,0,0.3333333333333333,0,0,0.16666666666666666,0.0,0.3333333333333333,0.0,0.0,0.0,0.16666666666666666,0,0.3333333333333333,0,0.0,0,1.0,0.0,0,0.0,0,0.16666666666666666,0.16666666666666666,0.6666666666666666,1,0,0,0.3333333333333333,0,0,1,0.8333333333333334,0.3333333333333333,0,0,0.3333333333333333,0.936703558713128,0.6666666666666666,0.6666666666666666,0,1,0,0,1,1,0,0,0,1,1,1,0,0,0.0,0,1,0,0,0,0,0,0,0,0,1,1.0,2.0,0.0,17.0,21.0,12,20.0,0.0,47.166666666666664,109.0,0.0,60.0,0.0,0.0,0.0,283.0,-734.0,-734.0,-856,-850.0,-10714,2325.015,0.0,8870.16,-4021.0,51336.0,0.0,315000.0,790830.0,53220.96,0.0,0.0,1.0,0.5003050099272341
0.0,0.0,0.0,0.0,0.0,0.0,0.0,0.035792,0.0,0.0,0.0,0.0,0.0,0.0,0.0,0.0,0.0,0.0,0.0,0.0,0.0,0.0,0.0,0.0,0.07935822809786898,0.0,0.0,0.0,0.0,0.0,0.09090909090909091,0.0,0.0,0.0,0.0,0.0,0.0,0.0,0.0,0.0,0.0,0.0,0.0,0.0,0.0,0.0,0.0,0.0,0.0,0.0,0.0,0.0,0.9090909090909091,0.0,0.0,0.0,0.0,0.0,0.0,0.0,0.0,0.18385714285714286,0.0,0.0,1.0,0.0,0.0,0.0,0,0.0,0.0,0.0,0.0,0.0,0,0,0,0.0,0,0.0,0.0,0,0,0.0,0.0,0,0.0,0,0,0.5042987575489829,0.0,0.0,0.0,0.0,0.0,0,1.0,0,0,0.0,0.0,0.0,0.0,0.0,0.0,0.0,0,1.0,0,1.0,0,1.0,0.0,0,0.0,0,0.0,0.0,0.0,1,0,1,1.0,0,0,1,1.0,0.0,0,0,0.0,1.0,0.0,1.0,0,0,0,0,1,1,0,0,0,0,0,1,0,1,0.0,0,0,1,0,0,1,0,0,0,0,2,2.0,1.0,0.0,19.0,19.0,16,10.0,0.45454545454545453,4.0,33.0,0.0,10.0,3.0,0.0,5.0,44.0,-366.0,-366.0,-3276,-2110.0,-11587,650.25,6869.7,6835.782272727272,-1993.0,66208.5,7519.95,157500.0,364896.0,75193.605,0.07511050477181727,4247472.606136363,1.0,0.5004767314112053
0.0,0.0,0.0,0.0,0.0,0.0,0.0,0.008019,0.0,0.0,0.0,0.0,0.0,0.0,0.0,0.0,0.0,0.0,0.0,0.0,0.0,0.0,0.0,0.0,0.05163785712861615,0.0,0.0,0.0,0.0,0.0,0.0,0.0,0.0,0.0,0.0,0.0,0.0,0.0,0.0,0.0,0.0,0.0,0.0,0.0,0.0,0.0,0.0,0.0,0.0,0.0,0.0,0.0,0.8888888888888888,0.0,0.0,0.0,0.0,0.0,0.0,0.0,0.0,0.074,0.5,0.0,0.0,0.0,0.0,0.0,0,0.0,0.0,0.0,0.0,0.0,0,0,0,0.0,0,0.0,0.0,0,0,0.0,0.0,0,0.0,0,0,0.7371221307843667,0.5,0.0,0.0,0.0,0.0,0,0.5,1,0,0.5,0.0,0.0,0.0,0.0,0.0,0.0,0,1.0,0,0.0,0,1.1297819091884163,0.0,0,0.5,0,0.5,0.0,1.0,1,0,0,0.5,0,0,1,0.5,0.5,0,0,0.0,0.9045095594347464,0.5,1.0,0,0,1,1,0,1,0,0,1,0,0,0,1,0,0.0,0,1,1,0,1,1,0,1,0,1,2,5.0,2.0,0.0,17.0,19.0,12,12.0,0.0625,10.6875,62.0,0.0,24.0,1.0,0.0,1.0,171.0,0.0,-1256.0,-930,-10456.0,-19074,2989.035,0.0,8660.6071875,-16146.0,25173.0,0.0,157500.0,225706.5,138569.715,0.0,0.0,0.0,0.4992256497094888
0.0,0.0,0.0,0.0,0.0,0.0,0.0,0.035792,0.0,0.0,0.0,0.0,0.0,0.0,0.0,0.0,0.0,0.0,0.0,0.0,0.0,0.0,0.0,0.0,0.036031441020409775,0.0,0.0,0.0,0.0,0.0,0.0,0.0,0.0,0.0,0.0,0.0,0.0,0.0,0.0,0.0,0.0,0.0,0.0,0.0,0.07692307692307693,0.0,0.0,0.0,0.0,0.0,0.0,0.0,0.9710144927536232,0.0,0.0,0.0,0.07692307692307693,0.0,0.0,0.0,0.07692307692307693,0.3037666666666667,0.15384615384615385,0.0,0.0,0.07692307692307693,0.0,0.0,0,0.46153846153846156,0.15384615384615385,0.0,0.0,0.0,0,0,0,0.0,0,0.0,0.07692307692307693,0,0,0.07692307692307693,0.15384615384615385,0,0.0,0,0,0.5943636329764079,0.0,0.0,0.07692307692307693,0.0,0.0,0,0.0,0,0,0.15384615384615385,0.07692307692307693,0.6153846153846154,0.0,0.07692307692307693,0.0,0.07692307692307693,0,0.46153846153846156,0,0.38461538461538464,0,1.5478036175710594,0.0,0,0.23076923076923078,0,0.07692307692307693,0.6923076923076923,0.8461538461538461,1,0,0,0.07692307692307693,0,0,1,0.15384615384615385,0.07692307692307693,0,0,0.8461538461538461,0.0,1.0,0.15384615384615385,0,0,0,0,1,1,0,0,0,1,0,1,0,0,1.0,0,1,1,0,0,1,1,0,0,0,2,3.0,8.0,5.0,9.0,18.0,11,26.5,0.3393939393939394,5.36969696969697,38.0,2.0,318.0,20.0,2.0,56.0,886.0,-848.0,-2842.0,-1209,-1016.0,-17734,0.315,61536.15,19733.698090909093,-233465.0,17415.0,-471066.435,135000.0,1138131.0,3256060.185,0.2860333273608127,723811787.6967195,1.0,0.5000280683418147
0.0,0.0,0.0,0.0,0.0,0.0,0.0,0.00496,0.0,0.0,0.0,0.0,0.0,0.0,0.0,0.0,0.0,0.0,0.0,0.0,0.0,0.0,0.0,0.0,0.04225237126868441,0.0,0.0,0.0,0.0,0.0,0.05128205128205128,0.0,0.0,0.0,0.0,0.0,0.0,0.0,0.0,0.0,0.0,0.0,0.0,0.0,0.0,0.0,0.0,0.0,0.0,0.0,0.0,0.0,0.8974358974358975,0.0,0.0,0.0,0.0,0.0,0.0,0.0,0.25,0.08758461538461539,0.0,0.0,0.25,0.0,0.0,0.25,0,0.25,0.0,0.0,0.5,0.0,0,0,0,0.0,0,0.0,0.25,0,0,0.0,0.0,0,0.0,0,0,0.5701251449648249,0.0,0.0,0.0,0.25,0.0,0,0.0,0,0,0.0,0.25,0.0,0.25,0.25,0.0,0.25,1,1.0,1,0.25,0,1.2100760456273765,0.25,0,0.0,0,0.5,0.25,0.5,1,0,0,0.25,0,0,1,0.75,0.0,0,1,0.5,0.0,0.75,0.25,0,0,0,0,1,0,0,0,0,0,0,0,0,1,0.0,0,0,1,1,0,1,1,0,0,0,2,2.0,3.0,0.0,13.0,20.0,15,13.0,0.18309859154929578,3.887323943661972,23.0,3.0,52.0,6.0,3.0,13.0,276.0,-161.0,-1428.0,-449,-3232.0,-16924,5.67,13914.27,9767.920563380281,-38175.0,14202.0,22231.125,292500.0,606321.0,693522.36,0.041226519569887876,3564301.4934646785,0.0,0.4996880769964003
0.0,0.0,0.0,0.0,0.0,0.0,0.0,0.00823,0.0,0.0,0.0,0.0,0.0,0.0,0.0,0.0,0.0,0.0,0.0,0.0,0.0,0.0,0.0,0.0,0.07968484619739573,0.0,0.0,0.0,0.0,0.0,0.0,0.0,0.0,0.0,0.0,0.0,0.0,0.0,0.0,0.0,0.0,0.0,0.0,0.0,0.0,0.0,0.0,0.0,0.0,0.0,0.0,0.0,1.0,0.0,0.0,0.0,0.0,0.0,0.0,0.0,0.0,0.13512,0.0,0.0,0.5,0.0,0.0,0.0,0,0.0,0.0,0.0,0.0,0.0,0,0,0,0.0,0,0.0,0.5,0,0,0.5,0.0,0,0.0,1,0,0.1592542289759309,0.0,0.0,0.0,0.0,0.0,0,1.0,0,0,0.0,0.0,0.0,0.0,0.0,1.0,0.0,0,0.5,0,0.5,0,0.8833712613784135,0.0,0,0.0,0,0.0,0.0,0.5,1,0,0,1.0,0,1,1,0.0,0.0,0,1,0.5,0.8833712613784135,0.0,1.0,0,0,0,0,1,0,0,1,0,0,0,0,0,0,0.0,0,1,1,0,0,1,0,1,1,1,2,2.0,1.0,3.0,13.0,13.0,11,5.0,0.0,15.125,23.0,0.0,10.0,0.0,0.0,0.0,121.0,-251.0,-251.0,-5461,-255.0,-14003,6419.205,0.0,6419.205,-1049.0,55368.0,0.0,112500.0,190764.0,51353.64,0.0,0.0,1.0,0.500706488994687
0.0,0.0,0.0,0.0,0.0,0.0,0.0,0.032561,0.0,0.0,0.0,0.0,0.0,0.0,0.0,0.0,0.0,0.0,0.0,0.0,0.0,0.0,0.0,0.0,0.07299901992812806,0.0,0.0,0.0,0.0,0.0,0.0,0.0,0.0,0.0,0.0,0.0,0.0,0.0,0.0,0.0,0.0,0.0,0.0,0.0,0.0,0.0,0.0,0.0,0.0,0.0,0.0,0.0,1.0,0.0,0.0,0.0,0.0,0.0,0.0,0.0,0.0,0.17876,0.0,0.0,0.0,0.0,0.0,0.0,0,0.0,0.0,0.0,0.0,0.0,0,0,0,0.0,0,0.0,0.0,0,0,0.0,0.0,0,0.0,0,0,0.6298632800495264,1.0,0.0,0.0,0.0,0.0,0,1.0,0,0,0.0,0.0,0.0,0.0,0.0,0.0,0.0,0,1.0,0,0.0,1,1.449818621523579,0.0,0,1.0,0,0.0,0.0,1.0,1,0,0,1.0,0,0,1,1.0,0.0,0,0,0.0,1.449818621523579,0.0,1.0,0,0,0,0,1,1,0,1,0,0,0,1,0,0,1.0,0,1,0,0,1,0,0,1,0,1,1,1.0,3.0,3.0,16.0,16.0,13,10.0,1.3333333333333333,16.0,47.0,0.0,10.0,9.0,0.0,16.0,192.0,-565.0,-327.0,-1246,-4035.0,-9458,60.615,4378.455,4634.565,-1802.0,37215.0,-1518.255,225000.0,550980.0,55614.78,2.283639422367291,4063113.241859658,1.0,0.5005673986650636
0.0,0.0,0.0,0.0,0.0,0.0,0.0,0.035792,0.0,0.0,0.0,0.0,0.0,0.0,0.0,0.0,0.0,0.0,0.0,0.0,0.0,0.0,0.0,0.0,0.05120401543767449,0.0,0.0,0.0,0.0,0.0,0.0,0.0,0.0,0.0,0.0,0.0,0.0,0.0,0.0,0.0,0.0,0.0,0.0,0.0,0.0,0.0,0.0,0.0,0.0,0.0,0.0,0.0,1.0,0.0,0.0,0.0,0.0,0.0,0.0,0.0,0.0,0.3325666666666667,0.0,0.0,0.0,0.5,0.0,0.0,0,0.5,0.0,0.0,0.0,0.0,0,0,0,0.0,0,0.0,0.0,0,0,0.0,0.0,0,0.0,0,1,0.5522218716447042,0.0,0.8333333333333334,0.0,0.0,0.0,0,0.0,0,0,0.5,0.16666666666666666,0.0,0.0,0.3333333333333333,0.3333333333333333,0.0,1,0.5,0,0.5,0,1.0110650069156293,0.0,0,0.16666666666666666,0,0.0,0.3333333333333333,0.3333333333333333,1,0,0,0.16666666666666666,0,0,1,0.3333333333333333,0.0,0,0,0.8333333333333334,0.8938148015731141,0.16666666666666666,0.16666666666666666,0,0,0,0,1,0,0,1,0,0,0,1,1,1,0.0,0,0,1,0,0,1,1,1,0,1,2,3.0,3.0,0.0,8.0,18.0,16,13.5,3.0,7.777777777777778,37.0,6.0,54.0,35.0,6.0,54.0,140.0,-147.0,-2417.0,-28,-9164.0,-16480,1.935,3251.25,31248.587499999998,-29219.0,29281.5,-221746.815,135000.0,876816.0,562474.575,1.0676173148270864,1894637221.15588,0.0,0.4999029491688528
0.0,0.0,0.0,0.0,0.0,0.0,0.0,0.035792,0.0,0.0,0.0,0.0,0.0,0.0,0.0,0.0,0.0,0.0,0.0,0.0,0.0,0.0,0.0,0.0,0.1024602026049204,0.0,0.0,0.0,0.0,0.0,0.0,0.0,0.0,0.0,0.0,0.0,0.0,0.0,0.0,0.0,0.0,0.0,0.0,0.0,0.0,0.0,0.0,0.0,0.0,0.0,0.0,0.0,0.875,0.0,0.0,0.0,0.0,0.0,0.0,0.0,0.0,0.2462608695652174,0.0,0.0,0.0,0.0,0.0,0.0,0,0.0,0.0,0.0,0.0,0.0,0,0,0,0.0,0,0.0,0.0,0,0,0.0,0.0,0,0.0,0,0,0.2377225077640972,0.0,0.0,0.0,0.0,0.0,0,0.0,0,0,0.0,0.0,1.0,0.0,0.0,0.0,0.0,0,1.0,0,0.0,1,1.2500598659003832,0.0,0,0.0,0,1.0,0.0,1.0,1,0,0,1.0,0,0,1,1.0,0.0,0,0,0.0,1.2500598659003832,0.0,1.0,0,0,1,1,0,1,0,0,0,0,0,0,1,1,0.0,0,0,0,1,1,0,1,1,0,1,2,2.0,2.0,0.0,16.0,16.0,6,18.0,0.0,38.5,70.0,0.0,18.0,0.0,0.0,0.0,231.0,-2005.0,-888.0,-4178,-9347.0,-23569,2831.94,0.0,6675.8475,-4869.0,37584.0,0.0,103500.0,248760.0,40055.085,0.0,0.0,0.0,0.4995006315057076
0.0,0.0,0.0,0.0,0.0,0.0,0.0,0.026392,0.0,0.0,0.0,0.0,0.0,0.0,0.0,0.0,0.0,0.0,0.0,0.0,0.0,0.0,0.0,0.0,0.04429059829059829,0.0,0.0,0.0,0.0,0.25,0.041666666666666664,0.0,0.0,0.0,0.0,0.0,0.0,0.0,0.0,0.0,0.0,0.0,0.0,0.0,0.0,0.0,0.0,0.0,0.0,0.0,0.0,0.0,0.875,0.0,0.0,0.0,0.0,0.25,0.0,0.0,0.25,0.11025531914893617,0.0,0.0,0.0,0.0,0.0,0.0,0,0.0,0.0,0.0,0.0,0.0,0,0,0,0.0,0,0.0,0.25,0,0,0.0,0.0,0,0.25,0,0,0.4868898067015859,0.0,0.0,0.0,0.0,0.0,0,0.0,0,0,0.25,0.25,0.0,0.0,0.25,0.5,0.25,0,1.0,0,0.5,0,1.026430705584923,0.0,0,0.25,0,0.0,0.25,0.5,1,0,0,0.0,0,0,1,0.25,0.5,0,1,0.5,0.0,0.75,0.5,0,0,1,1,0,0,0,1,0,0,0,0,0,1,0.0,0,0,1,0,0,1,0,1,0,1,2,1.0,4.0,12.0,10.0,15.0,15,7.0,0.0,11.62,110.0,0.0,28.0,0.0,0.0,0.0,1162.0,0.0,-2722.0,-3759,-293.0,-20274,10.035,57.465,3180.1176,-160540.0,22887.0,67.5,211500.0,526500.0,318011.76,0.007443133557800225,33.91277727272728,0.0,0.49954633252273045
0.0,0.0,0.0,0.0,0.0,0.0,0.0,0.007114,0.0,0.0,0.0,0.0,0.0,0.0,0.0,0.0,0.0,0.0,0.0,0.0,0.0,0.0,0.0,0.0,0.0921661889312376,0.0,0.0,0.0,0.0,0.0,0.0,0.0,0.0,0.0,0.0,0.0,0.0,0.0,0.0,0.0,0.0,0.0,0.0,0.0,0.0,0.0,0.0,0.0,0.0,0.0,0.0,0.0,1.0,0.0,0.0,0.0,0.0,0.0,0.0,0.0,0.0,0.1672,0.0,0.0,0.0,0.0,0.0,0.0,0,0.0,0.0,0.0,0.0,0.0,0,0,0,0.0,0,0.0,0.0,0,0,0.0,0.0,0,0.0,0,0,0.7253915958409962,0.0,0.0,0.0,0.0,0.0,0,0.0,0,0,0.0,0.0,0.0,0.0,0.0,1.0,1.0,0,1.0,0,1.0,0,1.0268582514853886,0.0,0,0.0,0,0.0,0.0,1.0,1,0,0,1.0,0,0,1,0.0,0.0,0,0,0.0,1.0268582514853886,0.0,1.0,1,0,0,0,1,0,0,0,1,0,0,0,1,0,0.0,0,1,1,0,0,0,1,1,1,1,2,2.0,1.0,1.0,14.0,14.0,17,10.0,5.157894736842105,10.052631578947368,23.0,0.0,10.0,16.0,0.0,98.0,191.0,-2649.0,-2649.0,-1176,-5746.0,-17627,1.35,9900.0,5208.979736842106,-47405.0,74223.0,89112.15000000001,157500.0,285723.0,98970.615,0.2630215682829555,25785774.95328948,0.0,0.4999639135614052
0.0,0.0,0.0,0.0,0.0,0.0,0.0,0.018029,0.0,0.0,0.0,0.0,0.0,0.0,0.0,0.0,0.0,0.0,0.0,0.0,0.0,0.0,0.0,0.0,0.06146888271806599,0.0,0.0,0.0,0.0,0.0,0.03333333333333333,0.0,0.14285714285714285,0.0,0.0,0.0,0.14285714285714285,0.0,0.0,0.0,0.0,0.0,0.14285714285714285,0.0,0.0,0.0,0.0,0.0,0.0,0.14285714285714285,0.0,0.0,0.9,0.0,0.0,0.0,0.0,0.0,0.0,0.0,0.14285714285714285,0.17202857142857142,0.0,0.0,0.0,0.0,0.0,0.0,0,0.14285714285714285,0.0,0.0,0.0,0.14285714285714285,0,0,0,0.0,0,0.0,0.14285714285714285,0,0,0.0,0.0,1,0.14285714285714285,0,0,0.1096504623855339,0.0,0.0,0.0,0.0,0.0,0,0.14285714285714285,1,0,0.0,0.14285714285714285,0.0,0.5714285714285714,0.0,0.0,0.14285714285714285,0,0.8571428571428571,1,0.14285714285714285,0,1.0842886041807147,0.14285714285714285,0,0.2857142857142857,0,0.2857142857142857,0.14285714285714285,0.7142857142857143,1,0,0,0.2857142857142857,0,0,0,0.8571428571428571,0.14285714285714285,0,0,0.42857142857142855,0.0,0.8571428571428571,0.42857142857142855,0,0,0,0,1,1,0,0,0,0,0,0,1,0,0.0,0,1,1,0,0,1,0,1,0,1,3,1.0,2.0,2.0,6.0,10.0,7,11.666666666666666,0.03636363636363636,10.381818181818181,45.0,0.0,70.0,1.0,0.0,2.0,571.0,-2028.0,-2028.0,-4209,-10829.0,-21513,4213.755,0.0,18789.614999999998,-47677.0,30892.5,0.0,157500.0,440784.0,1033428.825,0.0,0.0,0.0,0.49982651552954566
0.0,0.0,0.0,0.0,0.0,0.0,0.0,0.009549,0.0,0.0,0.0,0.0,0.0,0.0,0.0,0.0,0.0,0.0,0.0,0.0,0.0,0.0,0.0,0.0,0.032258620689655175,0.0,0.0,0.0,0.0,0.0,0.0,0.0,0.0,0.0,0.0,0.0,0.0,0.0,0.0,0.0,0.0,0.0,0.0,0.0,0.0,0.0,0.0,0.0,0.0,0.0,0.0,0.0,0.9714285714285714,0.0,0.0,0.14285714285714285,0.0,0.0,0.0,0.0,0.0,0.1871,0.0,0.0,0.0,0.14285714285714285,0.0,0.0,0,0.2857142857142857,0.0,0.14285714285714285,0.0,0.0,0,0,0,0.0,0,0.0,0.0,0,1,0.0,0.14285714285714285,0,0.14285714285714285,0,0,0.6847325387711631,0.0,0.0,0.0,0.0,0.0,0,0.14285714285714285,0,0,0.0,0.14285714285714285,0.14285714285714285,0.0,0.42857142857142855,0.14285714285714285,0.14285714285714285,0,0.7142857142857143,0,0.5714285714285714,0,1.1111111111111112,0.14285714285714285,0,0.0,0,0.0,0.42857142857142855,0.5714285714285714,1,0,0,0.0,0,0,1,0.42857142857142855,0.2857142857142857,0,0,0.5714285714285714,0.8347245409015025,0.8571428571428571,0.2857142857142857,0,1,0,0,1,1,0,0,0,1,1,1,0,1,0.0,1,0,1,1,0,1,1,0,0,0,2,2.0,2.0,1.0,13.0,18.0,15,32.0,0.07246376811594203,13.159420289855072,68.0,0.0,160.0,3.0,0.0,5.0,908.0,-1794.0,-2589.0,-4675,-9022.0,-15170,1690.965,8219.52,25280.681739130436,-67649.0,37494.0,15874.47,135000.0,783000.0,1744367.04,0.007149112773676276,1801567.824166496,0.0,0.49944080044815026
0.0,0.0,0.0,0.0,0.0,0.0,0.0,0.009334,0.0,0.0,0.0,0.0,0.0,0.0,0.0,0.0,0.0,0.0,0.0,0.0,0.0,0.0,0.0,0.0,0.05105383973288815,0.0,0.0,0.0,0.0,0.0,0.0,0.0,0.0,0.0,0.0,0.0,0.0,0.0,0.0,0.0,0.0,0.0,0.0,0.0,0.0,0.0,0.0,0.0,0.0,0.0,0.0,0.0,0.8333333333333334,0.0,0.0,0.0,0.0,0.0,0.0,0.0,0.0,0.3262,0.0,0.0,0.0,0.0,0.0,0.0,0,0.0,0.0,0.0,0.0,0.0,0,0,0,0.0,0,0.0,0.0,0,0,0.0,0.0,1,1.0,0,0,0.3464705654972544,0.0,0.0,0.0,0.0,1.0,0,1.0,0,0,0.0,0.0,0.0,0.0,0.0,1.0,0.0,0,1.0,0,0.0,0,0.8507976227713482,0.0,0,0.0,0,1.0,0.0,1.0,1,0,0,0.0,0,0,1,0.0,1.0,0,0,0.0,0.8507976227713482,0.0,0.0,0,0,0,0,1,1,1,0,0,0,0,0,0,0,0.0,0,1,1,1,0,0,0,1,1,1,2,1.0,2.0,1.0,15.0,15.0,12,6.0,0.0,32.2,47.0,0.0,6.0,0.0,0.0,0.0,161.0,-488.0,-488.0,-784,-927.0,-8109,10743.255,0.0,12822.164999999999,-2151.0,57546.0,0.0,67500.0,431280.0,64110.825,0.0,0.0,1.0,0.5005233211372719
0.0,0.0,0.0,0.0,0.0,0.0,0.0,0.030755,0.0,0.0,0.0,0.0,0.0,0.0,0.0,0.0,0.0,0.0,0.0,0.0,0.0,0.0,0.0,0.0,0.055835774441596486,0.0,0.0,0.0,0.0,0.0,0.0,0.0,0.0,0.0,0.0,0.0,0.0,0.0,0.0,0.0,0.0,0.0,0.0,0.0,0.0,0.0,0.0,0.0,0.0,0.0,0.0,0.0,0.9090909090909091,0.0,0.0,0.0,0.0,0.0,0.0,0.0,0.0,0.20331666666666667,0.0,0.0,0.0,0.25,0.0,0.0,0,0.25,0.0,0.0,0.0,0.0,0,0,0,0.0,0,0.0,0.0,0,0,0.0,0.0,0,0.0,0,0,0.7238468870550844,0.0,0.25,0.5,0.0,0.0,0,0.25,0,0,0.25,0.0,0.25,0.25,0.0,0.25,0.0,0,0.75,0,0.5,0,1.0,0.25,1,0.0,0,0.25,0.0,0.5,1,0,0,0.0,0,0,1,0.75,0.5,0,0,0.5,0.9044981537428667,0.5,0.25,0,0,1,1,0,1,0,0,0,0,0,0,0,1,0.0,0,0,0,0,1,0,1,0,0,0,2,2.0,2.0,0.0,11.0,16.0,11,26.666666666666668,0.0,8.7,39.0,0.0,80.0,0.0,0.0,0.0,87.0,-1143.0,-1143.0,-4870,-1680.0,-22426,8584.83,0.0,24024.852,-4979.0,80433.0,0.0,270000.0,983160.0,240248.52,0.0,0.0,0.0,0.4991029660708241
0.0,0.0,0.0,0.0,0.0,0.0,0.0,0.016612,0.0,0.0,0.0,0.0,0.0,0.0,0.0,0.0,0.0,0.0,0.0,0.0,0.0,0.0,0.0,0.0,0.0546523453281509,0.0,0.0,0.0,0.0,0.0,0.0,0.0,0.0,0.0,0.0,0.0,0.0,0.0,0.0,0.0,0.0,0.0,0.0,0.0,0.1,0.0,0.0,0.0,0.0,0.0,0.1,0.0,0.9,0.0,0.0,0.0,0.1,0.0,0.0,0.0,0.0,0.10323684210526315,0.0,0.0,0.0,0.3,0.0,0.0,0,0.0,0.3,0.0,0.0,0.3,0,0,0,0.0,0,0.0,0.2,0,1,0.5,0.0,0,0.0,0,0,0.2755052919316903,0.0,0.0,0.0,0.0,0.0,0,0.0,0,0,0.4,0.1,0.3,0.2,0.0,0.1,0.0,0,0.7,0,0.0,0,1.0125786163522013,0.0,0,0.4,0,0.4,0.5,0.5,1,0,0,0.3,0,0,1,0.4,0.0,0,0,0.9,0.7378984651711924,0.9,0.3,0,0,0,0,1,1,0,0,0,0,0,0,0,0,0.0,1,1,1,0,1,1,1,0,1,0,2,2.0,4.0,0.0,10.0,15.0,11,11.4,0.9014084507042254,3.084507042253521,31.0,0.0,114.0,33.0,30.0,64.0,219.0,-2291.0,-2291.0,-14,-1926.0,-14910,2.97,19944.269999999997,16296.151056338029,-53721.0,35059.5,-54766.44,171000.0,323014.5,1157026.725,0.19277896718142365,80728619.35592923,1.0,0.5001453207201095
0.0,0.0,0.0,0.0,0.0,0.0,0.0,0.020246,0.0,0.0,0.0,0.0,0.0,0.0,0.0,0.0,0.0,0.0,0.0,0.0,0.0,0.0,0.0,0.0,0.07938103152822336,0.0,0.0,0.0,0.0,0.0,0.0,0.0,0.0,0.0,0.0,0.0,0.0,0.0,0.0,0.0,0.0,0.0,0.0,0.0,0.0,1.0,0.0,0.0,0.0,0.0,0.0,0.0,1.0,0.0,0.0,1.0,0.0,0.0,0.0,0.0,0.0,0.20536666666666667,0.0,0.0,0.0,0.0,0.0,0.0,0,0.0,0.0,1.0,0.0,0.0,0,0,0,0.0,0,0.0,0.0,0,0,0.0,1.0,0,0.0,0,0,0.3749143831381561,0.0,0.0,0.0,0.0,0.0,0,0.0,0,0,0.0,0.0,1.0,0.0,0.0,0.0,0.0,0,1.0,0,0.0,0,1.0,1.0,0,0.0,0,0.0,1.0,1.0,1,0,0,0.0,0,0,1,0.0,0.0,0,0,0.0,1.0,0.0,0.0,1,0,0,0,1,1,0,0,1,0,0,0,0,0,0.0,0,1,1,0,0,0,1,1,1,1,3,4.0,1.0,1.0,11.0,11.0,6,18.0,0.5333333333333333,8.6,41.0,0.0,18.0,4.0,0.0,8.0,129.0,-408.0,-408.0,-4328,-6320.0,-12249,139.59,11087.145,9729.837,-2881.0,186894.0,22453.47,135000.0,349258.5,145947.555,0.11859121628519953,14947186.945249286,1.0,0.5009744011025784
0.0,0.0,0.0,0.0,0.0,0.0,0.0,0.015221,0.0,0.0,0.0,0.0,0.0,0.0,0.0,0.0,0.0,0.0,0.0,0.0,0.0,0.0,0.0,0.0,0.07573333333333333,0.0,0.0,0.0,0.0,0.0,0.0,0.0,0.0,0.0,0.0,0.0,0.0,0.0,0.0,0.0,0.0,0.0,0.0,0.0,0.0,0.0,0.0,0.0,0.0,0.0,0.0,0.0,0.9454545454545454,0.0,0.0,0.0,0.0,0.0,0.0,0.0,0.0,0.13364705882352942,0.08333333333333333,0.0,0.0,0.0,0.0,0.0,0,0.08333333333333333,0.08333333333333333,0.0,0.16666666666666666,0.5,0,0,0,0.0,0,0.16666666666666666,0.08333333333333333,1,0,0.16666666666666666,0.0,0,0.0,0,0,0.4567034398696235,0.08333333333333333,0.0,0.08333333333333333,0.08333333333333333,0.08333333333333333,0,0.0,0,0,0.08333333333333333,0.0,0.0,0.4166666666666667,0.3333333333333333,0.16666666666666666,0.16666666666666666,0,0.4166666666666667,1,0.08333333333333333,0,1.0263629383158435,0.16666666666666666,0,0.08333333333333333,1,0.6666666666666666,0.08333333333333333,0.8333333333333334,1,0,0,0.5833333333333334,0,1,1,0.6666666666666666,0.08333333333333333,0,0,0.8333333333333334,0.8220416775130499,0.9166666666666666,0.5833333333333334,0,0,0,0,1,1,1,0,0,0,0,0,0,1,0.0,0,0,1,0,0,1,1,0,0,0,2,4.0,2.0,3.0,8.0,13.0,10,27.636363636363637,0.09615384615384616,15.038461538461538,37.0,0.0,304.0,5.0,0.0,5.0,782.0,-1701.0,-1701.0,-5408,-5349.0,-13567,520.29,8826.165,12022.03125,-50225.0,35163.0,9346.455,76500.0,135000.0,625145.625,0.017169268458747323,1499842.4110414314,1.0,0.5001365813060017
0.0,0.0,0.0,0.0,0.0,0.0,0.0,0.04622,0.0,0.0,0.0,0.0,0.0,0.0,0.0,0.0,0.0,0.0,0.0,0.0,0.0,0.0,0.0,0.0,0.032259721203228175,0.0,0.0,0.0,0.0,0.0,0.0,0.0,0.0,0.0,0.0,0.0,0.0,0.0,0.0,0.0,0.0,0.0,0.0,0.0,0.0,0.0,0.0,0.0,0.0,0.0,0.0,0.0,0.9,0.0,0.0,0.0,0.0,0.0,0.0,0.0,0.0,0.17588,0.0,0.0,0.0,0.0,0.0,0.0,0,0.0,0.0,0.0,0.0,0.0,0,0,0,0.0,0,0.0,0.0,0,0,0.0,0.0,0,0.0,0,0,0.7642321998933728,1.0,0.0,0.0,0.0,0.0,0,0.0,0,0,1.0,0.0,0.0,0.0,0.0,0.0,0.0,0,1.0,0,0.0,0,0.9044746103569633,0.0,0,0.0,0,1.0,0.0,1.0,1,0,0,0.0,0,0,1,1.0,1.0,0,0,0.0,0.9044746103569633,0.0,1.0,0,1,0,0,1,1,1,1,0,0,1,0,0,0,0.0,1,1,1,1,1,0,1,1,1,1,1,2.0,2.0,0.0,16.0,16.0,17,12.0,0.0,27.625,67.0,0.0,12.0,0.0,0.0,0.0,221.0,-712.0,-712.0,-1261,-12954.0,-20710,9020.295,0.0,13205.744999999999,-4829.0,89505.0,0.0,225000.0,1226700.0,105645.95999999999,0.0,0.0,0.0,0.4994659456240917
0.0,0.0,0.0,0.0,0.0,0.0,0.0,0.018209,0.0,0.0,0.0,0.0,0.0,0.0,0.0,0.0,0.0,0.0,0.0,0.0,0.0,0.0,0.0,0.0,0.11963333333333333,0.0,0.0,0.0,0.0,0.0,0.25,0.0,0.0,0.0,0.0,0.0,0.0,0.0,0.5,0.0,0.0,0.0,0.0,0.0,0.0,0.0,0.0,0.0,0.0,0.0,0.0,0.0,0.5,0.0,0.0,0.0,0.0,0.0,0.0,0.0,0.0,0.11963333333333333,0.0,0.0,0.0,0.0,0.0,0.0,0,0.0,0.0,0.0,0.0,0.0,0,0,0,0.0,0,0.5,0.5,0,0,0.5,0.0,0,0.0,0,0,0.3348649462059107,0.0,0.0,0.0,0.0,0.5,0,0.5,0,1,0.5,0.0,0.0,0.0,0.0,0.0,0.0,0,0.5,0,0.0,0,1.2501708817498292,0.0,0,0.5,0,0.0,0.5,0.0,1,0,0,0.5,1,0,1,0.5,0.0,0,0,0.5,1.0,0.5,0.5,0,0,0,0,1,1,1,1,0,1,0,1,0,1,0.0,0,0,1,0,0,1,0,1,0,1,3,1.0,2.0,2.0,13.0,13.0,11,2.0,0.0,21.5,22.0,0.0,4.0,0.0,0.0,0.0,43.0,-507.0,-507.0,-2697,-4644.0,-10033,5555.025,0.0,10727.8875,-931.0,19750.5,0.0,135000.0,135000.0,21455.775,0.0,0.0,1.0,0.500083122944072
0.0,0.0,0.0,0.0,0.0,0.0,0.0,0.015221,0.0,0.0,0.0,0.0,0.0,0.0,0.0,0.0,0.0,0.0,0.0,0.0,0.0,0.0,0.0,0.0,0.03226,0.0,0.0,0.0,0.0,0.0,0.0,0.0,0.0,0.0,0.0,0.0,0.0,0.0,0.0,0.0,0.0,0.0,0.0,0.0,0.0,0.0,0.0,0.0,0.0,0.0,0.0,0.0,0.9090909090909091,0.0,0.0,0.0,0.0,0.0,0.0,0.0,0.3333333333333333,0.07444615384615384,0.0,0.0,0.0,0.0,0.0,0.0,0,0.3333333333333333,0.0,0.0,0.0,0.0,0,0,0,0.0,0,0.0,0.3333333333333333,1,0,0.0,0.0,0,0.0,0,0,0.5052499103641156,0.0,0.0,0.0,0.0,0.0,0,0.6666666666666666,0,0,0.3333333333333333,0.0,0.0,0.0,0.0,0.6666666666666666,0.0,0,1.0,1,0.3333333333333333,0,1.1290322580645162,0.3333333333333333,0,0.3333333333333333,1,0.0,0.0,0.3333333333333333,1,0,0,0.6666666666666666,0,0,1,0.3333333333333333,0.0,0,0,0.6666666666666666,0.0,0.6666666666666666,0.3333333333333333,0,0,0,0,1,1,0,0,1,0,0,0,0,0,0.0,1,1,1,1,1,1,1,1,0,1,2,2.0,2.0,0.0,11.0,14.0,9,7.333333333333333,0.33043478260869563,3.2869565217391306,30.0,0.0,22.0,9.0,0.0,38.0,378.0,-2326.0,-2788.0,-3935,-7658.0,-20841,67.5,4950.0,2383.6539130434785,-164739.0,20925.0,35585.82,292500.0,675000.0,274120.2,0.03915538754507924,1070857.3635366592,0.0,0.4996362252308685
0.0,0.0,0.0,0.0,0.0,0.0,0.0,0.04622,0.0,0.0,0.0,0.0,0.0,0.0,0.0,0.0,0.0,0.0,0.0,0.0,0.0,0.0,0.0,0.0,0.09193476649369904,0.0,0.0,0.0,0.0,0.0,0.0,0.0,0.0,0.0,0.0,0.0,0.0,0.0,0.0,0.0,0.0,0.0,0.0,0.0,0.0,0.0,0.0,0.0,0.0,0.0,0.0,0.0,1.0,0.0,0.0,0.0,0.0,0.0,0.0,0.0,0.0,0.155025,0.0,0.0,0.0,0.0,0.0,0.0,0,0.0,0.0,0.0,0.0,0.2,0,0,0,0.2,0,0.0,0.0,1,0,0.0,0.0,0,0.0,0,0,0.6607995831824488,0.0,0.6,0.4,0.0,0.0,0,0.0,0,0,0.2,0.0,0.2,0.0,0.2,0.0,0.4,1,0.8,0,0.0,1,1.1115618661257607,0.0,0,0.2,0,0.6,0.6,0.8,1,0,0,0.2,0,0,1,0.2,0.4,0,0,0.4,0.8347245409015025,0.2,0.6,0,1,0,0,1,1,0,0,0,0,1,1,0,1,0.0,0,0,0,0,1,0,1,1,0,0,1,4.0,2.0,0.0,11.0,17.0,15,22.5,0.0,16.11111111111111,33.0,0.0,90.0,0.0,0.0,0.0,290.0,-2332.0,-2332.0,-4706,-6602.0,-13955,3026.025,0.0,5212.4,-16646.0,22185.0,0.0,360000.0,607050.0,93823.2,0.0,0.0,0.0,0.4993171192538117
0.0,0.0,0.0,0.0,0.0,0.0,0.0,0.030755,0.0,0.0,0.0,0.0,0.0,0.0,0.0,0.0,0.0,0.0,0.0,0.0,0.0,0.0,0.0,0.0,0.0545201668984701,0.0,0.0,0.0,0.0,0.0,0.02127659574468085,0.0,0.0,0.0,0.0,0.0,0.0,0.0,0.0,0.0,0.0,0.0,0.0,0.0,0.0,0.0,0.0,0.0,0.0,0.0,0.0,0.0,0.9787234042553191,0.0,0.0,0.0,0.0,0.0,0.0,0.0,0.0,0.18946666666666667,0.0,0.0,0.0,0.0,0.0,0.0,0,0.25,0.0,0.0,0.0,0.0,0,0,0,0.0,0,0.0,0.0,0,0,0.0,0.0,0,0.0,0,0,0.5359175498872552,0.0,0.0,0.25,0.0,0.0,0,0.0,0,0,0.0,0.75,0.0,0.25,0.0,0.0,0.0,0,0.5,0,0.5,0,1.0,0.25,0,0.0,0,0.0,0.25,0.25,1,0,0,0.0,0,0,1,0.75,0.25,0,0,0.75,0.9023354564755839,0.75,0.0,0,0,0,0,1,1,0,0,0,0,0,1,0,1,0.0,0,0,1,0,0,1,1,0,0,0,2,3.0,2.0,0.0,14.0,18.0,11,30.0,0.0,16.391304347826086,53.0,0.0,60.0,0.0,0.0,0.0,754.0,-1053.0,-1053.0,-4213,-1780.0,-16161,13551.255,0.0,14269.267173913042,-20682.0,254340.0,0.0,135000.0,469147.5,656386.2899999999,0.0,0.0,0.0,0.4993850296885475
0.0,0.0,0.0,0.0,0.0,0.0,0.0,0.009549,0.0,0.0,0.0,0.0,0.0,0.0,0.0,0.0,0.0,0.0,0.0,0.0,0.0,0.0,0.0,0.0,0.07941599539700805,0.0,0.0,0.0,0.0,0.0,0.0,0.0,0.0,0.0,0.0,0.0,0.0,0.0,0.0,0.0,0.0,0.0,0.0,0.0,0.0,0.0,0.0,0.0,0.0,0.0,0.0,0.0,0.9298245614035088,0.0,0.0,0.0,0.09090909090909091,0.09090909090909091,0.0,0.0,0.0,0.21234615384615385,0.0,0.0,0.0,0.0,0.0,0.0,0,0.09090909090909091,0.0,0.0,0.0,0.09090909090909091,0,0,0,0.0,0,0.0,0.0,0,0,0.0,0.09090909090909091,0,0.0,0,0,0.5944901589268834,0.09090909090909091,0.09090909090909091,0.0,0.0,0.0,0,0.45454545454545453,0,0,0.18181818181818182,0.18181818181818182,0.09090909090909091,0.0,0.0,0.18181818181818182,0.09090909090909091,0,0.45454545454545453,0,0.09090909090909091,0,0.9499002438483707,0.0,0,0.18181818181818182,0,0.18181818181818182,0.18181818181818182,0.45454545454545453,1,0,0,0.0,0,0,1,0.6363636363636364,0.2727272727272727,0,0,0.8181818181818182,0.8005550515023749,0.9090909090909091,0.2727272727272727,1,0,0,0,1,1,0,0,0,0,0,0,0,0,0.0,0,1,1,1,1,0,0,1,1,1,2,1.0,2.0,0.0,11.0,16.0,13,17.666666666666668,0.14814814814814814,15.425925925925926,52.0,0.0,106.0,7.0,0.0,8.0,833.0,-1211.0,-2849.0,-4481,-5970.0,-12028,2513.745,5764.275000000001,25824.798333333332,-58272.0,40599.0,8278.02,117000.0,312840.0,1394539.1099999999,0.010539176236836298,722203.5344915098,1.0,0.5002996512695769
0.0,0.0,0.0,0.0,0.0,0.0,0.0,0.0060079999999999,0.0,0.0,0.0,0.0,0.0,0.0,0.0,0.0,0.0,0.0,0.0,0.0,0.0,0.0,0.0,0.0,0.0790026473296501,0.0,0.0,0.0,0.0,0.25,0.0,0.0,0.0,0.0,0.0,0.0,0.0,0.0,0.0,0.0,0.0,0.0,0.25,0.0,0.0,0.0,0.0,0.0,0.0,0.0,0.0,0.0,0.9,0.0,0.0,0.0,0.0,0.0,0.0,0.0,0.0,0.07321333333333334,0.0,0.0,0.0,0.0,0.0,0.0,0,0.0,0.0,0.0,0.0,0.0,0,0,0,0.25,0,0.25,0.25,0,0,0.25,0.0,0,0.0,0,0,0.6517233682188593,0.0,0.0,0.0,0.5,0.0,1,0.25,0,0,0.0,0.0,0.0,0.25,0.0,0.75,0.5,0,1.0,0,0.0,0,1.206800592787749,0.5,0,0.0,0,0.75,0.0,0.75,1,0,0,0.0,0,1,0,0.0,0.5,0,0,0.25,0.9237618252643295,0.75,0.5,1,0,0,0,1,1,1,0,0,0,1,1,0,0,0.0,0,0,1,1,1,0,1,0,0,0,2,3.0,1.0,0.0,12.0,14.0,10,4.5,0.0,8.11111111111111,12.0,0.0,18.0,0.0,0.0,0.0,73.0,-246.0,-246.0,-2165,-6750.0,-9697,15864.345,0.0,17622.195,-1030.0,0.0,0.0,337500.0,312768.0,158599.755,0.0,0.0,0.0,0.4998593786222891
0.0,0.0,0.0,0.0,0.0,0.0,0.0,0.026392,0.0,0.0,0.0,0.0,0.0,0.0,0.0,0.0,0.0,0.0,0.0,0.0,0.0,0.0,0.0,0.0,0.06868666666666666,0.0,0.0,0.0,0.0,0.0,0.0,0.0,0.0,0.0,0.0,0.0,0.0,0.0,0.0,0.0,0.0,0.0,0.0,0.0,0.0,0.0,0.0,0.0,0.0,0.0,0.0,0.0,1.0,0.0,0.0,0.0,0.0,0.0,0.0,0.0,0.0,0.20606,0.0,0.0,0.0,0.0,0.0,0.0,0,0.0,0.0,0.0,0.0,0.0,0,0,0,0.0,0,0.0,0.0,0,0,0.0,0.0,0,0.0,0,0,0.7593074869312042,0.0,0.0,0.0,0.0,0.0,0,0.0,0,0,0.0,0.0,0.0,0.0,0.0,0.0,0.0,1,0.8,0,0.1111111111111111,0,1.0340689535947365,0.0,0,0.14285714285714285,0,0.18181818181818182,0.25,0.7,1,0,0,0.0,0,0,1,0.5,0.2,0,1,0.5,0.8988052373627464,0.6666666666666666,0.2857142857142857,0,0,0,0,1,0,0,1,0,1,0,1,0,1,0.0,0,0,1,1,1,0,1,1,0,1,2,2.0,1.0,0.0,11.0,15.0,14,12.0,1.25,4.25,20.0,0.0,36.0,10.0,0.0,10.0,34.0,-2981.0,-1502.0,-3464,-6855.0,-20162,3694.5,0.0,3707.49375,-22520.0,47970.0,0.0,450000.0,1350000.0,29659.95,0.0,0.0,0.0,0.4995115667040641
0.0,0.0,0.0,0.0,0.0,0.0,0.0,0.006629,0.0,0.0,0.0,0.0,0.0,0.0,0.0,0.0,0.0,0.0,0.0,0.0,0.0,0.0,0.0,0.0,0.054490818030050084,0.0,0.0,0.0,0.0,0.0,0.0,0.0,0.0,0.0,0.0,0.0,0.0,0.0,0.0,0.0,0.0,0.0,0.0,0.0,0.0,0.0,0.0,0.0,0.0,0.0,0.0,0.0,0.9090909090909091,0.0,0.0,0.0,0.0,0.0,0.5,0.0,0.0,0.15542857142857142,0.0,0.0,0.0,0.0,0.0,0.0,0,0.0,0.0,0.0,0.0,0.0,0,0,0,0.0,0,0.0,0.0,0,0,0.0,0.0,1,0.5,0,0,0.6576703843283562,0.5,0.0,0.0,0.0,1.0,0,0.0,0,0,0.5,0.0,0.5,0.0,0.0,0.0,0.0,0,0.5,0,0.0,0,0.8880392051268243,0.0,0,0.0,0,1.0,0.5,0.0,1,0,0,0.0,0,1,1,0.5,1.0,0,0,0.0,0.8880392051268243,0.5,0.0,0,0,0,0,1,1,1,0,0,0,1,1,0,1,0.0,0,0,1,1,0,0,1,0,0,0,2,4.0,2.0,1.0,11.0,11.0,4,12.0,0.0,17.3,32.0,0.0,24.0,0.0,0.0,0.0,173.0,-584.0,-584.0,-1775,-84.0,-9094,8818.155,0.0,10484.892000000002,-4333.0,83560.5,0.0,189000.0,539100.0,104848.92000000001,0.0,0.0,0.0,0.4997218978166504
0.0,0.0,0.0,0.0,0.0,0.0,0.0,0.028663,0.0,0.0,0.0,0.0,0.0,0.0,0.0,0.0,0.0,0.0,0.0,0.0,0.0,0.0,0.0,0.0,0.07765241128298453,0.0,0.0,0.0,0.0,0.0,0.047619047619047616,0.0,0.0,0.0,0.0,0.0,0.0,0.0,0.0,0.0,0.0,0.0,0.0,0.0,0.0,0.0,0.0,0.0,0.0,0.0,0.0,0.0,0.7619047619047619,0.0,0.0,0.0,0.0,0.0,0.2,0.1,0.0,0.28446666666666665,0.0,0.0,0.1,0.0,0.0,0.0,0,0.0,0.0,0.0,0.0,0.0,0,0,0,0.0,0,0.0,0.3,0,0,0.1,0.0,0,0.2,0,0,0.5267804195647732,0.0,0.1,0.0,0.0,0.0,0,0.0,0,0,0.0,0.6,0.0,0.0,0.1,0.4,0.3,0,0.5,0,0.1,0,1.25,0.0,0,0.0,0,0.3,0.2,0.6,1,0,0,0.3,0,0,1,0.4,0.4,0,0,0.4,1.0,0.7,0.7,0,0,0,0,1,1,1,0,0,0,0,0,0,0,0.0,1,1,1,0,1,0,1,0,1,0,2,3.0,4.0,0.0,9.0,18.0,6,6.4,0.0,19.5625,37.0,0.0,32.0,0.0,0.0,0.0,313.0,-458.0,-1718.0,-3928,-1246.0,-11518,1525.725,0.0,13809.639375,-15715.0,19584.0,-6750.0,135000.0,494550.0,220954.23,0.3338156588253454,1564367.83947,1.0,0.500192486528063
0.0,0.0,0.0,0.0,0.0,0.0,0.0,0.028663,0.0,0.0,0.0,0.0,0.0,0.0,0.0,0.0,0.0,0.0,0.0,0.0,0.0,0.0,0.0,0.0,0.105,0.0,0.0,0.0,0.0,0.0,0.0,0.0,0.0,0.0,0.0,0.0,0.0,0.0,0.0,0.0,0.0,0.0,0.0,0.0,0.0,0.0,0.0,0.0,0.0,0.0,0.0,0.0,0.8636363636363636,0.0,0.0,0.0,0.0,0.0,0.125,0.0,0.125,0.2025,0.0,0.0,0.0,0.0,0.0,0.125,0,0.0,0.0,0.0,0.0,0.0,0,0,0,0.125,0,0.0,0.25,0,0,0.0,0.0,0,0.125,0,0,0.3364497365541855,0.0,0.125,0.125,0.125,0.0,0,0.0,0,0,0.0,0.125,0.5,0.125,0.0,0.125,0.25,0,0.375,0,0.125,0,1.0,0.125,0,0.375,0,0.0,0.25,0.5,1,0,0,0.125,0,0,1,0.5,0.25,1,1,0.5,0.968040759610931,0.75,0.375,1,0,0,0,1,0,0,1,0,0,0,0,1,0,0.0,0,1,1,0,0,1,0,1,1,1,2,1.0,2.0,1.0,14.0,17.0,16,6.4,0.0,11.95,20.0,0.0,32.0,0.0,0.0,0.0,239.0,-141.0,-2684.0,-2058,-9192.0,-19708,7774.92,0.0,7980.975,-15271.0,29146.5,0.0,126000.0,243000.0,159619.5,0.0,0.0,0.0,0.49964186456856
0.0,0.0,0.0,0.0,0.0,0.0,0.0,0.016612,0.0,0.0,0.0,0.0,0.0,0.0,0.0,0.0,0.0,0.0,0.0,0.0,0.0,0.0,0.0,0.0,0.032364236772813894,0.0,0.0,0.0,0.0,0.0,0.0,0.0,0.0,0.0,0.0,0.0,0.0,0.0,0.0,0.0,0.0,0.0,0.0,0.0,0.058823529411764705,0.0,0.0,0.0,0.0,0.0,0.11764705882352941,0.17647058823529413,0.95,0.0,0.0,0.0,0.23529411764705882,0.058823529411764705,0.058823529411764705,0.0,0.0,0.25425714285714285,0.0,0.0,0.0,0.0,0.0,0.0,0,0.11764705882352941,0.17647058823529413,0.0,0.0,0.11764705882352941,0,0,0,0.0,0,0.0,0.0,0,0,0.17647058823529413,0.0,0,0.0,0,0,0.6472779291478373,0.0,0.0,0.0,0.0,0.0,0,0.058823529411764705,0,0,0.35294117647058826,0.17647058823529413,0.0,0.058823529411764705,0.11764705882352941,0.11764705882352941,0.23529411764705882,0,0.5294117647058824,0,0.11764705882352941,0,1.0586362430352878,0.0,0,0.35294117647058826,0,0.35294117647058826,0.35294117647058826,0.8235294117647058,1,0,0,0.11764705882352941,0,0,1,0.5294117647058824,0.23529411764705882,0,0,0.8823529411764706,0.7080004045716598,1.0,0.35294117647058826,0,0,0,0,1,1,0,0,1,1,0,0,1,0,0.0,0,1,1,0,0,0,1,1,1,1,2,2.0,4.0,1.0,10.0,16.0,11,29.714285714285715,0.35,7.138888888888889,33.0,18.0,416.0,28.0,18.0,63.0,1285.0,-1990.0,-2729.0,-19,-3842.0,-16469,1.845,8602.380000000001,16562.7045,-273064.0,23481.0,-129966.12,157500.0,1237338.0,2981286.81,0.1507786412171229,128996802.94671853,1.0,0.500155249816524
0.0,0.0,0.0,0.0,0.0,0.0,0.0,0.026392,0.0,0.0,0.0,0.0,0.0,0.0,0.0,0.0,0.0,0.0,0.0,0.0,0.0,0.0,0.0,0.0,0.044724,0.0,0.0,0.0,0.0,0.0,0.0,0.0,0.0,0.0,0.0,0.0,0.0,0.0,0.0,0.0,0.0,0.0,0.0,0.0,0.0,0.0,0.0,0.0,0.0,0.0,0.0,0.0,0.9473684210526315,0.0,0.0,0.0,0.0,0.0,0.0,0.0,0.3333333333333333,0.279525,0.0,0.0,0.0,0.0,0.0,0.0,0,0.0,0.0,0.0,0.0,0.0,0,0,0,0.0,0,0.0,0.3333333333333333,0,0,0.0,0.0,0,0.3333333333333333,0,0,0.7438662566083318,0.0,0.0,0.0,0.0,0.0,0,0.0,0,0,0.3333333333333333,0.0,0.0,0.3333333333333333,0.0,0.3333333333333333,0.3333333333333333,1,0.6666666666666666,0,0.3333333333333333,0,1.2500354191263283,0.0,0,0.0,0,0.3333333333333333,0.3333333333333333,0.6666666666666666,1,0,0,0.3333333333333333,0,0,1,0.3333333333333333,0.6666666666666666,0,0,0.3333333333333333,1.0,0.6666666666666666,1.0,0,0,0,0,1,1,0,0,1,1,0,1,0,1,0.0,0,0,1,0,0,1,1,1,0,1,2,3.0,2.0,1.0,16.0,17.0,11,12.0,0.0,52.26315789473684,116.0,0.0,36.0,0.0,0.0,0.0,993.0,-908.0,-908.0,-3501,-10593.0,-19951,6882.435,0.0,10771.178684210527,-12240.0,41926.5,0.0,180000.0,1125000.0,204652.39500000002,0.0,0.0,0.0,0.49900813276893585
0.0,0.0,0.0,0.0,0.0,0.0,0.0,0.0096569999999999,0.0,0.0,0.0,0.0,0.0,0.0,0.0,0.0,0.0,0.0,0.0,0.0,0.0,0.0,0.0,0.0,0.031039953521630317,0.0,0.0,0.0,0.0,0.0,0.0,0.0,0.0,0.0,0.0,0.0,0.0,0.0,0.0,0.0,0.0,0.0,0.0,0.0,0.0,0.0,0.0,0.0,0.0,0.4,0.0,0.0,0.7857142857142857,0.0,0.0,0.0,0.0,0.0,0.0,0.2,0.0,0.3968857142857143,0.0,0.0,0.0,0.0,0.0,0.0,0,0.0,0.0,0.0,0.0,0.0,0,0,0,0.0,0,0.0,0.0,0,0,0.0,0.0,0,0.0,0,0,0.5170792848629421,0.0,0.8,0.2,0.0,0.2,0,0.0,0,0,0.2,0.0,0.2,0.0,0.4,0.0,0.2,0,0.4,0,0.2,0,1.25,0.0,0,0.0,0,0.2,0.2,0.8,1,0,0,0.8,0,1,1,0.8,0.2,0,0,0.0,1.0,0.2,0.8,1,0,0,0,1,1,0,0,1,0,0,0,1,0,0.0,0,0,1,1,0,1,1,1,1,1,2,2.0,2.0,2.0,10.0,12.0,15,8.0,0.0,23.363636363636363,67.0,0.0,16.0,0.0,0.0,0.0,257.0,-1278.0,-1796.0,-5051,-4531.0,-14930,5486.535,0.0,16058.998636363634,-10023.0,54360.0,0.0,157500.0,2013840.0,176648.985,0.0,0.0,0.0,0.4995051397843148
0.0,0.0,0.0,0.0,0.0,0.0,0.0,0.00496,0.0,0.0,0.0,0.0,0.0,0.0,0.0,0.0,0.0,0.0,0.0,0.0,0.0,0.0,0.0,0.0,0.11398180977339294,0.0,0.0,0.0,0.0,0.0,0.0,0.0,0.0,0.0,0.0,0.0,0.0,0.0,0.0,0.0,0.0,0.0,0.0,0.0,0.0,0.0,0.0,0.0,0.0,0.0,0.0,0.0,0.9565217391304348,0.0,0.0,0.0,0.0,0.2857142857142857,0.0,0.0,0.0,0.07394,0.14285714285714285,0.0,0.0,0.2857142857142857,0.0,0.0,0,0.14285714285714285,0.0,0.0,0.0,0.0,0,0,0,0.0,0,0.0,0.0,0,0,0.0,0.14285714285714285,0,0.0,0,0,0.6336583464249146,0.14285714285714285,0.0,0.0,0.0,0.14285714285714285,0,0.0,1,0,0.42857142857142855,0.0,0.0,0.14285714285714285,0.42857142857142855,0.14285714285714285,0.0,0,0.5714285714285714,0,0.14285714285714285,0,0.909919799957308,0.0,0,0.2857142857142857,0,0.0,0.2857142857142857,0.5714285714285714,1,0,0,0.0,1,0,1,0.42857142857142855,0.14285714285714285,0,1,0.8571428571428571,0.7523699653909816,0.8571428571428571,0.0,0,0,0,0,1,0,0,0,0,1,0,0,0,0,0.0,0,1,1,1,0,1,0,0,1,0,2,2.0,1.0,1.0,11.0,14.0,14,30.0,0.17142857142857143,8.157142857142857,37.0,0.0,120.0,5.0,0.0,12.0,571.0,-463.0,-1428.0,-939,-1686.0,-17384,109.845,26107.695,13152.846214285713,-53122.0,147568.5,63164.655,225000.0,145957.5,920699.235,0.049776564852532866,14927492.115151908,1.0,0.5000347641467684
0.0,0.0,0.0,0.0,0.0,0.0,0.0,0.020713,0.0,0.0,0.0,0.0,0.0,0.0,0.0,0.0,0.0,0.0,0.0,0.0,0.0,0.0,0.0,0.0,0.05128487836379817,0.0,0.0,0.0,0.0,0.0,0.038461538461538464,0.0,0.0,0.0,0.25,0.0,0.0,0.0,0.0,0.0,0.0,0.25,0.0,0.0,0.0,0.0,0.0,0.0,0.0,0.0,0.0,0.0,0.9038461538461539,0.0,0.0,0.0,0.0,0.25,0.0,0.0,0.0,0.21706666666666666,0.0,0.0,0.0,0.0,0.0,0.0,0,0.0,0.0,0.0,0.0,0.0,0,0,0,0.0,0,0.0,0.0,0,0,0.0,0.0,0,0.25,0,0,0.3866230089038407,0.0,0.0,0.0,0.0,0.5,0,0.25,0,0,0.25,0.0,0.5,0.0,0.0,0.0,0.0,0,1.0,0,0.5,0,0.9323121340925495,0.25,0,0.5,0,0.0,0.75,1.0,1,0,0,0.0,0,0,1,0.25,0.5,1,0,0.25,0.796881129854845,0.75,0.0,1,1,0,0,1,1,0,0,0,0,1,0,0,0,0.0,0,1,1,0,0,0,0,0,1,0,3,1.0,2.0,0.0,6.0,14.0,7,12.0,0.2549019607843137,12.843137254901961,33.0,0.0,48.0,5.0,0.0,13.0,655.0,-1118.0,-1118.0,-1427,-8745.0,-8757,2784.915,28719.495,18219.485294117647,-24398.0,36400.5,126017.64,135000.0,571396.5,929193.75,0.05315913657509083,52761923.50339272,1.0,0.5006109524999454
0.0,0.0,0.0,0.0,0.0,0.0,0.0,0.003813,0.0,0.0,0.0,0.0,0.0,0.0,0.0,0.0,0.0,0.0,0.0,0.0,0.0,0.0,0.0,0.0,0.1201578947368421,0.0,0.0,0.0,0.0,0.0,0.058823529411764705,0.0,0.0,0.0,0.0,0.0,0.0,0.0,0.0,0.0,0.0,0.0,0.0,0.0,0.0,0.0,0.0,0.0,0.0,0.0,0.0,0.0,0.8823529411764706,0.0,0.0,0.0,0.0,0.0,0.0,0.0,0.0,0.09132,0.0,0.0,0.0,0.0,0.0,0.0,0,0.0,0.0,0.0,0.0,0.0,0,0,0,0.0,0,0.0,0.0,0,0,0.0,1.0,0,0.0,0,0,0.3619350876729565,1.0,0.0,0.0,0.0,0.0,0,0.0,0,0,0.0,0.0,0.0,1.0,0.0,0.0,0.0,0,1.0,0,0.0,1,0.8347141531162983,0.0,0,0.0,0,0.0,1.0,1.0,1,0,0,0.0,0,0,0,0.0,1.0,0,0,0.0,0.8347141531162983,0.0,1.0,0,1,0,0,1,1,1,1,0,1,1,0,0,0,0.0,0,1,0,1,0,1,0,1,1,1,2,1.0,2.0,0.0,7.0,7.0,12,24.0,0.0,45.733333333333334,138.0,0.0,24.0,0.0,0.0,0.0,686.0,-1743.0,-1743.0,-3915,-5427.0,-11251,5903.595,0.0,9324.303000000002,-23126.0,130900.5,0.0,112500.0,85500.0,139864.545,0.0,0.0,0.0,0.499750762353188
0.0,0.0,0.0,0.0,0.0,0.0,0.0,0.0096569999999999,0.0,0.0,0.0,0.0,0.0,0.0,0.0,0.0,0.0,0.0,0.0,0.0,0.0,0.0,0.0,0.0,0.06387450273962321,0.0,0.0,0.0,0.0,0.0,0.0,0.0,0.0,0.0,0.0,0.0,0.0,0.0,0.0,0.0,0.0,0.0,0.0,0.0,0.0,0.0,0.0,0.0,0.0,0.0,0.0,0.0,0.9473684210526315,0.0,0.0,0.0,0.0,0.0,0.0,0.0,0.2,0.04862857142857143,0.0,0.0,0.0,0.0,0.0,0.0,0,0.2,0.0,0.0,0.0,0.2,0,0,0,0.0,0,0.0,0.2,0,0,0.0,0.0,0,0.2,0,0,0.5628432431875536,0.0,0.0,0.0,0.0,0.0,0,0.0,0,0,0.0,0.6,0.4,0.0,0.0,0.0,0.0,0,0.8,0,0.4,0,1.00002621342804,0.0,0,0.0,0,0.2,0.2,0.6,1,0,0,0.0,0,0,1,0.8,0.2,0,0,0.8,0.8256274768824307,0.8,0.2,0,1,0,0,1,1,0,0,0,1,1,0,0,0,0.0,0,1,1,0,0,1,1,0,1,0,2,2.0,3.0,0.0,9.0,16.0,10,21.0,0.028169014084507043,6.112676056338028,30.0,0.0,84.0,2.0,0.0,2.0,434.0,-59.0,-1673.0,-5683,-5697.0,-15944,41.895,0.0,17270.954999999998,-43232.0,159651.0,0.0,157500.0,119907.0,1226237.805,0.0,0.0,0.0,0.49992959724595065
0.0,0.0,0.0,0.0,0.0,0.0,0.0,0.020246,0.0,0.0,0.0,0.0,0.0,0.0,0.0,0.0,0.0,0.0,0.0,0.0,0.0,0.0,0.0,0.0,0.04435833984544586,0.0,0.0,0.0,0.0,0.0,0.0,0.0,0.0,0.0,0.0,0.0,0.5,0.0,0.0,0.0,0.0,0.0,0.0,0.0,0.0,0.5,0.0,0.0,0.0,0.0,0.0,0.0,0.9444444444444444,0.0,0.0,0.0,0.0,0.0,0.0,0.0,0.0,0.18577272727272728,0.0,0.0,0.0,0.0,0.0,0.0,0,0.0,0.0,0.5,0.0,0.0,0,0,0,0.0,0,0.0,0.0,0,0,0.0,0.5,0,0.0,0,0,0.2025744859410453,0.0,0.0,0.0,0.0,0.0,0,0.0,0,0,0.0,0.0,0.5,0.0,0.5,0.0,0.0,0,0.5,0,0.0,0,1.0,0.5,0,0.0,0,0.0,0.0,0.5,1,0,0,0.0,0,0,1,1.0,0.0,1,0,0.5,1.0,0.5,0.0,1,1,0,0,1,1,0,0,0,0,1,0,0,0,1.0,0,1,1,0,1,1,1,0,1,0,3,4.0,2.0,3.0,18.0,18.0,5,18.0,0.11764705882352941,9.823529411764707,33.0,0.0,18.0,1.0,0.0,2.0,167.0,-667.0,-667.0,-5355,-6659.0,-12800,8226.225,0.0,8704.950882352941,-6863.0,136944.0,0.0,99000.0,414612.0,147984.165,0.0,0.0,1.0,0.5002864196156831
0.0,0.0,0.0,0.0,0.0,0.0,0.0,0.025164,0.0,0.0,0.0,0.0,0.0,0.0,0.0,0.0,0.0,0.0,0.0,0.0,0.0,0.0,0.0,0.0,0.03246601031411158,0.0,0.0,0.0,0.0,0.0,0.0625,0.0,0.0,0.0,0.0,0.0,0.0,0.0,0.0,0.0,0.0,0.0,0.0,0.0,0.0,0.0,0.0,0.0,0.0,0.5,0.0,0.0,0.875,0.0,0.0,0.0,0.5,0.0,0.0,0.0,0.0,0.12662857142857142,0.0,0.0,0.0,0.0,0.0,0.0,0,0.0,0.0,0.0,0.0,0.0,0,1,0,0.0,0,0.0,0.0,1,0,0.0,0.0,0,0.0,0,0,0.1365559092942354,0.0,0.5,0.0,0.0,0.0,0,0.0,0,0,0.0,0.0,0.5,0.0,0.5,0.0,0.0,0,0.5,0,0.0,0,1.0,0.0,0,0.0,0,0.5,0.0,0.5,1,0,0,0.5,0,0,1,1.0,0.5,0,0,0.5,1.0,0.5,1.0,0,0,0,0,1,1,0,0,1,0,0,1,0,0,0.0,0,1,1,0,0,0,1,1,0,1,2,2.0,1.0,0.0,14.0,14.0,13,15.0,0.0,6.266666666666667,34.0,0.0,15.0,0.0,0.0,0.0,94.0,0.0,-2829.0,-3102,-10006.0,-19552,11846.43,0.0,12054.162,-38929.0,135000.0,0.0,157500.0,614304.0,180812.43,0.0,0.0,1.0,0.5000478045144316
0.0,0.0,0.0,0.0,0.0,0.0,0.0,0.022625,0.0,0.0,0.0,0.0,0.0,0.0,0.0,0.0,0.0,0.0,0.0,0.0,0.0,0.0,0.0,0.0,0.03485842541436464,0.0,0.0,0.0,0.0,0.0,0.0,0.0,0.0,0.0,0.0,0.0,0.0,0.0,0.0,0.0,0.0,0.0,0.0,0.0,0.0,0.0,0.0,0.0,0.0,0.0,0.0,0.0,0.9230769230769231,0.0,0.0,0.0,0.0,0.0,0.0,0.0,0.0,0.3365,0.0,0.0,0.0,0.0,0.0,0.0,0,0.0,0.0,0.0,0.0,0.0,0,0,0,0.0,0,0.0,0.0,0,0,0.0,0.0,0,0.0,0,0,0.6842839059569372,1.0,0.0,0.0,0.0,1.0,0,0.0,0,0,0.0,0.0,0.0,0.0,1.0,1.0,0.0,0,1.0,0,0.0,0,1.0254501800720288,0.0,0,1.0,0,0.0,0.0,1.0,1,0,0,0.0,0,0,1,0.0,1.0,0,0,0.0,1.0254501800720288,0.0,0.0,0,0,1,1,0,0,0,1,0,0,0,0,0,0,1.0,0,1,1,0,0,1,1,1,0,1,2,2.0,1.0,1.0,12.0,12.0,13,12.0,0.3076923076923077,9.23076923076923,36.0,0.0,12.0,4.0,0.0,4.0,120.0,-2126.0,-2126.0,-4406,-6842.0,-23076,36.63,19434.239999999998,18165.01846153846,-25041.0,168682.5,19470.869999999995,135000.0,1303200.0,236145.24,0.0766101214755166,29044029.23840769,0.0,0.4994791041779348
0.0,0.0,0.0,0.0,0.0,0.0,0.0,0.010276,0.0,0.0,0.0,0.0,0.0,0.0,0.0,0.0,0.0,0.0,0.0,0.0,0.0,0.0,0.0,0.0,0.105,0.0,0.0,0.0,0.0,0.0,0.0,0.0,0.0,0.0,0.0,0.0,0.0,0.0,0.0,0.0,0.0,0.0,0.0,0.0,0.0,0.0,0.0,0.0,0.0,0.0,0.0,0.0,0.85,0.0,0.0,0.0,0.0,0.0,0.0,0.0,0.0,0.2916666666666667,0.0,0.0,0.0,0.4444444444444444,0.0,0.0,0,0.1111111111111111,0.0,0.0,0.0,0.3333333333333333,0,0,0,0.0,0,0.0,0.0,0,0,0.0,0.0,1,0.0,0,0,0.5331971662163615,0.0,0.0,0.0,0.0,0.0,0,0.0,0,0,0.5555555555555556,0.0,0.0,0.1111111111111111,0.3333333333333333,0.1111111111111111,0.0,0,0.3333333333333333,0,0.1111111111111111,0,0.9619084263178146,0.0,0,0.0,0,0.3333333333333333,0.2222222222222222,0.2222222222222222,1,0,0,0.0,0,0,1,0.6666666666666666,0.0,0,0,1.0,0.8317218722059343,1.0,0.0,0,0,0,0,1,1,0,1,0,0,0,1,1,0,0.0,0,1,1,1,0,1,1,1,0,0,2,3.0,3.0,0.0,11.0,17.0,17,15.0,0.10285714285714286,3.9885714285714284,30.0,0.0,60.0,8.0,0.0,18.0,698.0,-2684.0,-1093.0,-3238,-2690.0,-19688,71.55,4500.0,9728.757514285713,-274292.0,216418.5,20250.0,81000.0,225000.0,1702532.565,0.01013440369762209,443903.9408866997,0.0,0.49961951320892817
0.0,0.0,0.0,0.0,0.0,0.0,0.0,0.020713,0.0,0.0,0.0,0.0,0.0,0.0,0.0,0.0,0.0,0.0,0.0,0.0,0.0,0.0,0.0,0.0,0.10672937771345875,0.0,0.0,0.0,0.0,0.0,0.0,0.0,0.0,0.0,0.0,0.0,0.0,0.0,0.0,0.0,0.0,0.0,0.0,0.0,0.0,0.0,0.0,0.0,0.0,0.0,0.0,0.0,0.8888888888888888,0.0,0.0,0.0,0.0,0.125,0.125,0.0,0.125,0.0708,0.0,0.0,0.0,0.125,0.0,0.0,0,0.0,0.0,0.0,0.0,0.0,0,0,0,0.0,0,0.0,0.375,0,0,0.0,0.125,0,0.0,0,0,0.338326978759346,0.125,0.0,0.125,0.0,0.125,0,0.0,0,0,0.125,0.375,0.0,0.0,0.0,0.125,0.5,0,0.375,0,0.0,0,1.0,0.0,0,0.125,0,0.125,0.125,0.375,1,0,0,0.0,1,0,1,0.75,0.25,1,0,0.75,0.8508057816913108,0.875,0.125,0,0,0,0,1,1,1,0,1,0,0,0,0,0,0.0,0,1,1,1,0,1,1,1,1,1,3,3.0,6.0,0.0,7.0,14.0,16,12.0,0.0,7.2,29.0,0.0,48.0,0.0,0.0,0.0,252.0,-620.0,-620.0,-3767,-967.0,-11828,92.79,0.0,39903.84514285714,-8168.0,38092.5,-480829.5,112500.0,74628.0,1396634.58,5.4668622692743645,4087022421.0946574,1.0,0.5004312647688931
